FIPS Code;County Name;Postal State;Code
01001;AUTAUGA;AL;AUTAUGA, AL
01003;BALDWIN;AL;BALDWIN, AL
01005;BARBOUR;AL;BARBOUR, AL
01007;BIBB;AL;BIBB, AL
01009;BLOUNT;AL;BLOUNT, AL
01011;BULLOCK;AL;BULLOCK, AL
01013;BUTLER;AL;BUTLER, AL
01015;CALHOUN;AL;CALHOUN, AL
01017;CHAMBERS;AL;CHAMBERS, AL
01019;CHEROKEE;AL;CHEROKEE, AL
01021;CHILTON;AL;CHILTON, AL
01023;CHOCTAW;AL;CHOCTAW, AL
01025;CLARKE;AL;CLARKE, AL
01027;CLAY;AL;CLAY, AL
01029;CLEBURNE;AL;CLEBURNE, AL
01031;COFFEE;AL;COFFEE, AL
01033;COLBERT;AL;COLBERT, AL
01035;CONECUH;AL;CONECUH, AL
01037;COOSA;AL;COOSA, AL
01039;COVINGTON;AL;COVINGTON, AL
01041;CRENSHAW;AL;CRENSHAW, AL
01043;CULLMAN;AL;CULLMAN, AL
01045;DALE;AL;DALE, AL
01047;DALLAS;AL;DALLAS, AL
01049;DEKALB;AL;DEKALB, AL
01051;ELMORE;AL;ELMORE, AL
01053;ESCAMBIA;AL;ESCAMBIA, AL
01055;ETOWAH;AL;ETOWAH, AL
01057;FAYETTE;AL;FAYETTE, AL
01059;FRANKLIN;AL;FRANKLIN, AL
01061;GENEVA;AL;GENEVA, AL
01063;GREENE;AL;GREENE, AL
01065;HALE;AL;HALE, AL
01067;HENRY;AL;HENRY, AL
01069;HOUSTON;AL;HOUSTON, AL
01071;JACKSON;AL;JACKSON, AL
01073;JEFFERSON;AL;JEFFERSON, AL
01075;LAMAR;AL;LAMAR, AL
01077;LAUDERDALE;AL;LAUDERDALE, AL
01079;LAWRENCE;AL;LAWRENCE, AL
01081;LEE;AL;LEE, AL
01083;LIMESTONE;AL;LIMESTONE, AL
01085;LOWNDES;AL;LOWNDES, AL
01087;MACON;AL;MACON, AL
01089;MADISON;AL;MADISON, AL
01091;MARENGO;AL;MARENGO, AL
01093;MARION;AL;MARION, AL
01095;MARSHALL;AL;MARSHALL, AL
01097;MOBILE;AL;MOBILE, AL
01099;MONROE;AL;MONROE, AL
01101;MONTGOMERY;AL;MONTGOMERY, AL
01103;MORGAN;AL;MORGAN, AL
01105;PERRY;AL;PERRY, AL
01107;PICKENS;AL;PICKENS, AL
01109;PIKE;AL;PIKE, AL
01111;RANDOLPH;AL;RANDOLPH, AL
01113;RUSSELL;AL;RUSSELL, AL
01115;ST CLAIR;AL;ST CLAIR, AL
01117;SHELBY;AL;SHELBY, AL
01119;SUMTER;AL;SUMTER, AL
01121;TALLADEGA;AL;TALLADEGA, AL
01123;TALLAPOOSA;AL;TALLAPOOSA, AL
01125;TUSCALOOSA;AL;TUSCALOOSA, AL
01127;WALKER;AL;WALKER, AL
01129;WASHINGTON;AL;WASHINGTON, AL
01131;WILCOX;AL;WILCOX, AL
01133;WINSTON;AL;WINSTON, AL
02013;ALEUTIANS EAST;AK;ALEUTIANS EAST, AK
02016;ALEUTIANS WEST;AK;ALEUTIANS WEST, AK
02020;ANCHORAGE;AK;ANCHORAGE, AK
02050;BETHEL;AK;BETHEL, AK
02060;BRISTOL BAY;AK;BRISTOL BAY, AK
02068;DENALI;AK;DENALI, AK
02070;DILLINGHAM;AK;DILLINGHAM, AK
02090;FAIRBANKS NORTH STAR;AK;FAIRBANKS NORTH STAR, AK
02100;HAINES;AK;HAINES, AK
02105;HOONAH-ANGOON;AK;HOONAH-ANGOON, AK
02110;JUNEAU;AK;JUNEAU, AK
02122;KENAI PENINSULA;AK;KENAI PENINSULA, AK
02130;KETCHIKAN GATEWAY;AK;KETCHIKAN GATEWAY, AK
02150;KODIAK ISLAND;AK;KODIAK ISLAND, AK
02158;KUSILVAK;AK;KUSILVAK, AK
02164;LAKE AND PENINSULA;AK;LAKE AND PENINSULA, AK
02170;MATANUSKA-SUSITNA;AK;MATANUSKA-SUSITNA, AK
02180;NOME;AK;NOME, AK
02185;NORTH SLOPE;AK;NORTH SLOPE, AK
02188;NORTHWEST ARCTIC;AK;NORTHWEST ARCTIC, AK
02195;PETERSBURG;AK;PETERSBURG, AK
02198;PRINCE OF WALES-HYDER;AK;PRINCE OF WALES-HYDER, AK
02220;SITKA;AK;SITKA, AK
02230;SKAGWAY;AK;SKAGWAY, AK
02240;SOUTHEAST FAIRBANKS;AK;SOUTHEAST FAIRBANKS, AK
02261;VALDEZ-CORDOVA;AK;VALDEZ-CORDOVA, AK
02270;WADE HAMPTON;AK;WADE HAMPTON, AK
02275;WRANGELL;AK;WRANGELL, AK
02282;YAKUTAT;AK;YAKUTAT, AK
02290;YUKON-KOYUKUK;AK;YUKON-KOYUKUK, AK
04001;APACHE;AZ;APACHE, AZ
04003;COCHISE;AZ;COCHISE, AZ
04005;COCONINO;AZ;COCONINO, AZ
04007;GILA;AZ;GILA, AZ
04009;GRAHAM;AZ;GRAHAM, AZ
04011;GREENLEE;AZ;GREENLEE, AZ
04012;LA PAZ;AZ;LA PAZ, AZ
04013;MARICOPA;AZ;MARICOPA, AZ
04015;MOHAVE;AZ;MOHAVE, AZ
04017;NAVAJO;AZ;NAVAJO, AZ
04019;PIMA;AZ;PIMA, AZ
04021;PINAL;AZ;PINAL, AZ
04023;SANTA CRUZ;AZ;SANTA CRUZ, AZ
04025;YAVAPAI;AZ;YAVAPAI, AZ
04027;YUMA;AZ;YUMA, AZ
05001;ARKANSAS;AR;ARKANSAS, AR
05003;ASHLEY;AR;ASHLEY, AR
05005;BAXTER;AR;BAXTER, AR
05007;BENTON;AR;BENTON, AR
05009;BOONE;AR;BOONE, AR
05011;BRADLEY;AR;BRADLEY, AR
05013;CALHOUN;AR;CALHOUN, AR
05015;CARROLL;AR;CARROLL, AR
05017;CHICOT;AR;CHICOT, AR
05019;CLARK;AR;CLARK, AR
05021;CLAY;AR;CLAY, AR
05023;CLEBURNE;AR;CLEBURNE, AR
05025;CLEVELAND;AR;CLEVELAND, AR
05027;COLUMBIA;AR;COLUMBIA, AR
05029;CONWAY;AR;CONWAY, AR
05031;CRAIGHEAD;AR;CRAIGHEAD, AR
05033;CRAWFORD;AR;CRAWFORD, AR
05035;CRITTENDEN;AR;CRITTENDEN, AR
05037;CROSS;AR;CROSS, AR
05039;DALLAS;AR;DALLAS, AR
05041;DESHA;AR;DESHA, AR
05043;DREW;AR;DREW, AR
05045;FAULKNER;AR;FAULKNER, AR
05047;FRANKLIN;AR;FRANKLIN, AR
05049;FULTON;AR;FULTON, AR
05051;GARLAND;AR;GARLAND, AR
05053;GRANT;AR;GRANT, AR
05055;GREENE;AR;GREENE, AR
05057;HEMPSTEAD;AR;HEMPSTEAD, AR
05059;HOT SPRING;AR;HOT SPRING, AR
05061;HOWARD;AR;HOWARD, AR
05063;INDEPENDENCE;AR;INDEPENDENCE, AR
05065;IZARD;AR;IZARD, AR
05067;JACKSON;AR;JACKSON, AR
05069;JEFFERSON;AR;JEFFERSON, AR
05071;JOHNSON;AR;JOHNSON, AR
05073;LAFAYETTE;AR;LAFAYETTE, AR
05075;LAWRENCE;AR;LAWRENCE, AR
05077;LEE;AR;LEE, AR
05079;LINCOLN;AR;LINCOLN, AR
05081;LITTLE RIVER;AR;LITTLE RIVER, AR
05083;LOGAN;AR;LOGAN, AR
05085;LONOKE;AR;LONOKE, AR
05087;MADISON;AR;MADISON, AR
05089;MARION;AR;MARION, AR
05091;MILLER;AR;MILLER, AR
05093;MISSISSIPPI;AR;MISSISSIPPI, AR
05095;MONROE;AR;MONROE, AR
05097;MONTGOMERY;AR;MONTGOMERY, AR
05099;NEVADA;AR;NEVADA, AR
05101;NEWTON;AR;NEWTON, AR
05103;OUACHITA;AR;OUACHITA, AR
05105;PERRY;AR;PERRY, AR
05107;PHILLIPS;AR;PHILLIPS, AR
05109;PIKE;AR;PIKE, AR
05111;POINSETT;AR;POINSETT, AR
05113;POLK;AR;POLK, AR
05115;POPE;AR;POPE, AR
05117;PRAIRIE;AR;PRAIRIE, AR
05119;PULASKI;AR;PULASKI, AR
05121;RANDOLPH;AR;RANDOLPH, AR
05123;ST FRANCIS;AR;ST FRANCIS, AR
05125;SALINE;AR;SALINE, AR
05127;SCOTT;AR;SCOTT, AR
05129;SEARCY;AR;SEARCY, AR
05131;SEBASTIAN;AR;SEBASTIAN, AR
05133;SEVIER;AR;SEVIER, AR
05135;SHARP;AR;SHARP, AR
05137;STONE;AR;STONE, AR
05139;UNION;AR;UNION, AR
05141;VAN BUREN;AR;VAN BUREN, AR
05143;WASHINGTON;AR;WASHINGTON, AR
05145;WHITE;AR;WHITE, AR
05147;WOODRUFF;AR;WOODRUFF, AR
05149;YELL;AR;YELL, AR
06001;ALAMEDA;CA;ALAMEDA, CA
06003;ALPINE;CA;ALPINE, CA
06005;AMADOR;CA;AMADOR, CA
06007;BUTTE;CA;BUTTE, CA
06009;CALAVERAS;CA;CALAVERAS, CA
06011;COLUSA;CA;COLUSA, CA
06013;CONTRA COSTA;CA;CONTRA COSTA, CA
06015;DEL NORTE;CA;DEL NORTE, CA
06017;EL DORADO;CA;EL DORADO, CA
06019;FRESNO;CA;FRESNO, CA
06021;GLENN;CA;GLENN, CA
06023;HUMBOLDT;CA;HUMBOLDT, CA
06025;IMPERIAL;CA;IMPERIAL, CA
06027;INYO;CA;INYO, CA
06029;KERN;CA;KERN, CA
06031;KINGS;CA;KINGS, CA
06033;LAKE;CA;LAKE, CA
06035;LASSEN;CA;LASSEN, CA
06037;LOS ANGELES;CA;LOS ANGELES, CA
06039;MADERA;CA;MADERA, CA
06041;MARIN;CA;MARIN, CA
06043;MARIPOSA;CA;MARIPOSA, CA
06045;MENDOCINO;CA;MENDOCINO, CA
06047;MERCED;CA;MERCED, CA
06049;MODOC;CA;MODOC, CA
06051;MONO;CA;MONO, CA
06053;MONTEREY;CA;MONTEREY, CA
06055;NAPA;CA;NAPA, CA
06057;NEVADA;CA;NEVADA, CA
06059;ORANGE;CA;ORANGE, CA
06061;PLACER;CA;PLACER, CA
06063;PLUMAS;CA;PLUMAS, CA
06065;RIVERSIDE;CA;RIVERSIDE, CA
06067;SACRAMENTO;CA;SACRAMENTO, CA
06069;SAN BENITO;CA;SAN BENITO, CA
06071;SAN BERNARDINO;CA;SAN BERNARDINO, CA
06073;SAN DIEGO;CA;SAN DIEGO, CA
06075;SAN FRANCISCO;CA;SAN FRANCISCO, CA
06077;SAN JOAQUIN;CA;SAN JOAQUIN, CA
06079;SAN LUIS OBISPO;CA;SAN LUIS OBISPO, CA
06081;SAN MATEO;CA;SAN MATEO, CA
06083;SANTA BARBARA;CA;SANTA BARBARA, CA
06085;SANTA CLARA;CA;SANTA CLARA, CA
06087;SANTA CRUZ;CA;SANTA CRUZ, CA
06089;SHASTA;CA;SHASTA, CA
06091;SIERRA;CA;SIERRA, CA
06093;SISKIYOU;CA;SISKIYOU, CA
06095;SOLANO;CA;SOLANO, CA
06097;SONOMA;CA;SONOMA, CA
06099;STANISLAUS;CA;STANISLAUS, CA
06101;SUTTER;CA;SUTTER, CA
06103;TEHAMA;CA;TEHAMA, CA
06105;TRINITY;CA;TRINITY, CA
06107;TULARE;CA;TULARE, CA
06109;TUOLUMNE;CA;TUOLUMNE, CA
06111;VENTURA;CA;VENTURA, CA
06113;YOLO;CA;YOLO, CA
06115;YUBA;CA;YUBA, CA
08001;ADAMS;CO;ADAMS, CO
08003;ALAMOSA;CO;ALAMOSA, CO
08005;ARAPAHOE;CO;ARAPAHOE, CO
08007;ARCHULETA;CO;ARCHULETA, CO
08009;BACA;CO;BACA, CO
08011;BENT;CO;BENT, CO
08013;BOULDER;CO;BOULDER, CO
08014;BROOMFIELD;CO;BROOMFIELD, CO
08015;CHAFFEE;CO;CHAFFEE, CO
08017;CHEYENNE;CO;CHEYENNE, CO
08019;CLEAR CREEK;CO;CLEAR CREEK, CO
08021;CONEJOS;CO;CONEJOS, CO
08023;COSTILLA;CO;COSTILLA, CO
08025;CROWLEY;CO;CROWLEY, CO
08027;CUSTER;CO;CUSTER, CO
08029;DELTA;CO;DELTA, CO
08031;DENVER;CO;DENVER, CO
08033;DOLORES;CO;DOLORES, CO
08035;DOUGLAS;CO;DOUGLAS, CO
08037;EAGLE;CO;EAGLE, CO
08039;ELBERT;CO;ELBERT, CO
08041;EL PASO;CO;EL PASO, CO
08043;FREMONT;CO;FREMONT, CO
08045;GARFIELD;CO;GARFIELD, CO
08047;GILPIN;CO;GILPIN, CO
08049;GRAND;CO;GRAND, CO
08051;GUNNISON;CO;GUNNISON, CO
08053;HINSDALE;CO;HINSDALE, CO
08055;HUERFANO;CO;HUERFANO, CO
08057;JACKSON;CO;JACKSON, CO
08059;JEFFERSON;CO;JEFFERSON, CO
08061;KIOWA;CO;KIOWA, CO
08063;KIT CARSON;CO;KIT CARSON, CO
08065;LAKE;CO;LAKE, CO
08067;LA PLATA;CO;LA PLATA, CO
08069;LARIMER;CO;LARIMER, CO
08071;LAS ANIMAS;CO;LAS ANIMAS, CO
08073;LINCOLN;CO;LINCOLN, CO
08075;LOGAN;CO;LOGAN, CO
08077;MESA;CO;MESA, CO
08079;MINERAL;CO;MINERAL, CO
08081;MOFFAT;CO;MOFFAT, CO
08083;MONTEZUMA;CO;MONTEZUMA, CO
08085;MONTROSE;CO;MONTROSE, CO
08087;MORGAN;CO;MORGAN, CO
08089;OTERO;CO;OTERO, CO
08091;OURAY;CO;OURAY, CO
08093;PARK;CO;PARK, CO
08095;PHILLIPS;CO;PHILLIPS, CO
08097;PITKIN;CO;PITKIN, CO
08099;PROWERS;CO;PROWERS, CO
08101;PUEBLO;CO;PUEBLO, CO
08103;RIO BLANCO;CO;RIO BLANCO, CO
08105;RIO GRANDE;CO;RIO GRANDE, CO
08107;ROUTT;CO;ROUTT, CO
08109;SAGUACHE;CO;SAGUACHE, CO
08111;SAN JUAN;CO;SAN JUAN, CO
08113;SAN MIGUEL;CO;SAN MIGUEL, CO
08115;SEDGWICK;CO;SEDGWICK, CO
08117;SUMMIT;CO;SUMMIT, CO
08119;TELLER;CO;TELLER, CO
08121;WASHINGTON;CO;WASHINGTON, CO
08123;WELD;CO;WELD, CO
08125;YUMA;CO;YUMA, CO
09001;FAIRFIELD;CT;FAIRFIELD, CT
09003;HARTFORD;CT;HARTFORD, CT
09005;LITCHFIELD;CT;LITCHFIELD, CT
09007;MIDDLESEX;CT;MIDDLESEX, CT
09009;NEW HAVEN;CT;NEW HAVEN, CT
09011;NEW LONDON;CT;NEW LONDON, CT
09013;TOLLAND;CT;TOLLAND, CT
09015;WINDHAM;CT;WINDHAM, CT
10001;KENT;DE;KENT, DE
10003;NEW CASTLE;DE;NEW CASTLE, DE
10005;SUSSEX;DE;SUSSEX, DE
11001;DISTRICT OF COLUMBIA;DC;DISTRICT OF COLUMBIA, DC
12086;MIAMI-DADE;FL;MIAMI-DADE, FL
12011;BROWARD;FL;BROWARD, FL
12099;PALM BEACH;FL;PALM BEACH, FL
12071;LEE;FL;LEE, FL
12057;HILLSBOROUGH;FL;HILLSBOROUGH, FL
12095;ORANGE;FL;ORANGE, FL
12103;PINELLAS;FL;PINELLAS, FL
12105;POLK;FL;POLK, FL
12031;DUVAL;FL;DUVAL, FL
12009;BREVARD;FL;BREVARD, FL
12021;COLLIER;FL;COLLIER, FL
12127;VOLUSIA;FL;VOLUSIA, FL
12115;SARASOTA;FL;SARASOTA, FL
12101;PASCO;FL;PASCO, FL
12083;MARION;FL;MARION, FL
12015;CHARLOTTE;FL;CHARLOTTE, FL
12081;MANATEE;FL;MANATEE, FL
12069;LAKE;FL;LAKE, FL
12117;SEMINOLE;FL;SEMINOLE, FL
12111;ST LUCIE;FL;ST LUCIE, FL
12097;OSCEOLA;FL;OSCEOLA, FL
12033;ESCAMBIA;FL;ESCAMBIA, FL
12017;CITRUS;FL;CITRUS, FL
12109;ST JOHNS;FL;ST JOHNS, FL
12005;BAY;FL;BAY, FL
12053;HERNANDO;FL;HERNANDO, FL
12055;HIGHLANDS;FL;HIGHLANDS, FL
12073;LEON;FL;LEON, FL
12091;OKALOOSA;FL;OKALOOSA, FL
12001;ALACHUA;FL;ALACHUA, FL
12085;MARTIN;FL;MARTIN, FL
12107;PUTNAM;FL;PUTNAM, FL
12113;SANTA ROSA;FL;SANTA ROSA, FL
12061;INDIAN RIVER;FL;INDIAN RIVER, FL
12019;CLAY;FL;CLAY, FL
12087;MONROE;FL;MONROE, FL
12131;WALTON;FL;WALTON, FL
12035;FLAGLER;FL;FLAGLER, FL
12119;SUMTER;FL;SUMTER, FL
12089;NASSAU;FL;NASSAU, FL
12075;LEVY;FL;LEVY, FL
12133;WASHINGTON;FL;WASHINGTON, FL
12063;JACKSON;FL;JACKSON, FL
12023;COLUMBIA;FL;COLUMBIA, FL
12051;HENDRY;FL;HENDRY, FL
12093;OKEECHOBEE;FL;OKEECHOBEE, FL
12121;SUWANNEE;FL;SUWANNEE, FL
12039;GADSDEN;FL;GADSDEN, FL
12129;WAKULLA;FL;WAKULLA, FL
12027;DESOTO;FL;DESOTO, FL
12037;FRANKLIN;FL;FRANKLIN, FL
12123;TAYLOR;FL;TAYLOR, FL
12045;GULF;FL;GULF, FL
12029;DIXIE;FL;DIXIE, FL
12079;MADISON;FL;MADISON, FL
12007;BRADFORD;FL;BRADFORD, FL
12049;HARDEE;FL;HARDEE, FL
12059;HOLMES;FL;HOLMES, FL
12041;GILCHRIST;FL;GILCHRIST, FL
12047;HAMILTON;FL;HAMILTON, FL
12013;CALHOUN;FL;CALHOUN, FL
12003;BAKER;FL;BAKER, FL
12065;JEFFERSON;FL;JEFFERSON, FL
12043;GLADES;FL;GLADES, FL
12067;LAFAYETTE;FL;LAFAYETTE, FL
12125;UNION;FL;UNION, FL
12077;LIBERTY;FL;LIBERTY, FL
13001;APPLING;GA;APPLING, GA
13003;ATKINSON;GA;ATKINSON, GA
13005;BACON;GA;BACON, GA
13007;BAKER;GA;BAKER, GA
13009;BALDWIN;GA;BALDWIN, GA
13011;BANKS;GA;BANKS, GA
13013;BARROW;GA;BARROW, GA
13015;BARTOW;GA;BARTOW, GA
13017;BEN HILL;GA;BEN HILL, GA
13019;BERRIEN;GA;BERRIEN, GA
13021;BIBB;GA;BIBB, GA
13023;BLECKLEY;GA;BLECKLEY, GA
13025;BRANTLEY;GA;BRANTLEY, GA
13027;BROOKS;GA;BROOKS, GA
13029;BRYAN;GA;BRYAN, GA
13031;BULLOCH;GA;BULLOCH, GA
13033;BURKE;GA;BURKE, GA
13035;BUTTS;GA;BUTTS, GA
13037;CALHOUN;GA;CALHOUN, GA
13039;CAMDEN;GA;CAMDEN, GA
13043;CANDLER;GA;CANDLER, GA
13045;CARROLL;GA;CARROLL, GA
13047;CATOOSA;GA;CATOOSA, GA
13049;CHARLTON;GA;CHARLTON, GA
13051;CHATHAM;GA;CHATHAM, GA
13053;CHATTAHOOCHEE;GA;CHATTAHOOCHEE, GA
13055;CHATTOOGA;GA;CHATTOOGA, GA
13057;CHEROKEE;GA;CHEROKEE, GA
13059;ATHENS-CLARKE;GA;ATHENS-CLARKE, GA
13061;CLAY;GA;CLAY, GA
13063;CLAYTON;GA;CLAYTON, GA
13065;CLINCH;GA;CLINCH, GA
13067;COBB;GA;COBB, GA
13069;COFFEE;GA;COFFEE, GA
13071;COLQUITT;GA;COLQUITT, GA
13073;COLUMBIA;GA;COLUMBIA, GA
13075;COOK;GA;COOK, GA
13077;COWETA;GA;COWETA, GA
13079;CRAWFORD;GA;CRAWFORD, GA
13081;CRISP;GA;CRISP, GA
13083;DADE;GA;DADE, GA
13085;DAWSON;GA;DAWSON, GA
13087;DECATUR;GA;DECATUR, GA
13089;DEKALB;GA;DEKALB, GA
13091;DODGE;GA;DODGE, GA
13093;DOOLY;GA;DOOLY, GA
13095;DOUGHERTY;GA;DOUGHERTY, GA
13097;DOUGLAS;GA;DOUGLAS, GA
13099;EARLY;GA;EARLY, GA
13101;ECHOLS;GA;ECHOLS, GA
13103;EFFINGHAM;GA;EFFINGHAM, GA
13105;ELBERT;GA;ELBERT, GA
13107;EMANUEL;GA;EMANUEL, GA
13109;EVANS;GA;EVANS, GA
13111;FANNIN;GA;FANNIN, GA
13113;FAYETTE;GA;FAYETTE, GA
13115;FLOYD;GA;FLOYD, GA
13117;FORSYTH;GA;FORSYTH, GA
13119;FRANKLIN;GA;FRANKLIN, GA
13121;FULTON;GA;FULTON, GA
13123;GILMER;GA;GILMER, GA
13125;GLASCOCK;GA;GLASCOCK, GA
13127;GLYNN;GA;GLYNN, GA
13129;GORDON;GA;GORDON, GA
13131;GRADY;GA;GRADY, GA
13133;GREENE;GA;GREENE, GA
13135;GWINNETT;GA;GWINNETT, GA
13137;HABERSHAM;GA;HABERSHAM, GA
13139;HALL;GA;HALL, GA
13141;HANCOCK;GA;HANCOCK, GA
13143;HARALSON;GA;HARALSON, GA
13145;HARRIS;GA;HARRIS, GA
13147;HART;GA;HART, GA
13149;HEARD;GA;HEARD, GA
13151;HENRY;GA;HENRY, GA
13153;HOUSTON;GA;HOUSTON, GA
13155;IRWIN;GA;IRWIN, GA
13157;JACKSON;GA;JACKSON, GA
13159;JASPER;GA;JASPER, GA
13161;JEFF DAVIS;GA;JEFF DAVIS, GA
13163;JEFFERSON;GA;JEFFERSON, GA
13165;JENKINS;GA;JENKINS, GA
13167;JOHNSON;GA;JOHNSON, GA
13169;JONES;GA;JONES, GA
13171;LAMAR;GA;LAMAR, GA
13173;LANIER;GA;LANIER, GA
13175;LAURENS;GA;LAURENS, GA
13177;LEE;GA;LEE, GA
13179;LIBERTY;GA;LIBERTY, GA
13181;LINCOLN;GA;LINCOLN, GA
13183;LONG;GA;LONG, GA
13185;LOWNDES;GA;LOWNDES, GA
13187;LUMPKIN;GA;LUMPKIN, GA
13189;MCDUFFIE;GA;MCDUFFIE, GA
13191;MCINTOSH;GA;MCINTOSH, GA
13193;MACON;GA;MACON, GA
13195;MADISON;GA;MADISON, GA
13197;MARION;GA;MARION, GA
13199;MERIWETHER;GA;MERIWETHER, GA
13201;MILLER;GA;MILLER, GA
13205;MITCHELL;GA;MITCHELL, GA
13207;MONROE;GA;MONROE, GA
13209;MONTGOMERY;GA;MONTGOMERY, GA
13211;MORGAN;GA;MORGAN, GA
13213;MURRAY;GA;MURRAY, GA
13215;MUSCOGEE;GA;MUSCOGEE, GA
13217;NEWTON;GA;NEWTON, GA
13219;OCONEE;GA;OCONEE, GA
13221;OGLETHORPE;GA;OGLETHORPE, GA
13223;PAULDING;GA;PAULDING, GA
13225;PEACH;GA;PEACH, GA
13227;PICKENS;GA;PICKENS, GA
13229;PIERCE;GA;PIERCE, GA
13231;PIKE;GA;PIKE, GA
13233;POLK;GA;POLK, GA
13235;PULASKI;GA;PULASKI, GA
13237;PUTNAM;GA;PUTNAM, GA
13239;QUITMAN;GA;QUITMAN, GA
13241;RABUN;GA;RABUN, GA
13243;RANDOLPH;GA;RANDOLPH, GA
13245;RICHMOND;GA;RICHMOND, GA
13247;ROCKDALE;GA;ROCKDALE, GA
13249;SCHLEY;GA;SCHLEY, GA
13251;SCREVEN;GA;SCREVEN, GA
13253;SEMINOLE;GA;SEMINOLE, GA
13255;SPALDING;GA;SPALDING, GA
13257;STEPHENS;GA;STEPHENS, GA
13259;STEWART;GA;STEWART, GA
13261;SUMTER;GA;SUMTER, GA
13263;TALBOT;GA;TALBOT, GA
13265;TALIAFERRO;GA;TALIAFERRO, GA
13267;TATTNALL;GA;TATTNALL, GA
13269;TAYLOR;GA;TAYLOR, GA
13271;TELFAIR;GA;TELFAIR, GA
13273;TERRELL;GA;TERRELL, GA
13275;THOMAS;GA;THOMAS, GA
13277;TIFT;GA;TIFT, GA
13279;TOOMBS;GA;TOOMBS, GA
13281;TOWNS;GA;TOWNS, GA
13283;TREUTLEN;GA;TREUTLEN, GA
13285;TROUP;GA;TROUP, GA
13287;TURNER;GA;TURNER, GA
13289;TWIGGS;GA;TWIGGS, GA
13291;UNION;GA;UNION, GA
13293;UPSON;GA;UPSON, GA
13295;WALKER;GA;WALKER, GA
13297;WALTON;GA;WALTON, GA
13299;WARE;GA;WARE, GA
13301;WARREN;GA;WARREN, GA
13303;WASHINGTON;GA;WASHINGTON, GA
13305;WAYNE;GA;WAYNE, GA
13307;WEBSTER;GA;WEBSTER, GA
13309;WHEELER;GA;WHEELER, GA
13311;WHITE;GA;WHITE, GA
13313;WHITFIELD;GA;WHITFIELD, GA
13315;WILCOX;GA;WILCOX, GA
13317;WILKES;GA;WILKES, GA
13319;WILKINSON;GA;WILKINSON, GA
13321;WORTH;GA;WORTH, GA
15001;HAWAII;HI;HAWAII, HI
15003;HONOLULU;HI;HONOLULU, HI
15005;KALAWAO;HI;KALAWAO, HI
15007;KAUAI;HI;KAUAI, HI
15009;MAUI;HI;MAUI, HI
16001;ADA;ID;ADA, ID
16003;ADAMS;ID;ADAMS, ID
16005;BANNOCK;ID;BANNOCK, ID
16007;BEAR LAKE;ID;BEAR LAKE, ID
16009;BENEWAH;ID;BENEWAH, ID
16011;BINGHAM;ID;BINGHAM, ID
16013;BLAINE;ID;BLAINE, ID
16015;BOISE;ID;BOISE, ID
16017;BONNER;ID;BONNER, ID
16019;BONNEVILLE;ID;BONNEVILLE, ID
16021;BOUNDARY;ID;BOUNDARY, ID
16023;BUTTE;ID;BUTTE, ID
16025;CAMAS;ID;CAMAS, ID
16027;CANYON;ID;CANYON, ID
16029;CARIBOU;ID;CARIBOU, ID
16031;CASSIA;ID;CASSIA, ID
16033;CLARK;ID;CLARK, ID
16035;CLEARWATER;ID;CLEARWATER, ID
16037;CUSTER;ID;CUSTER, ID
16039;ELMORE;ID;ELMORE, ID
16041;FRANKLIN;ID;FRANKLIN, ID
16043;FREMONT;ID;FREMONT, ID
16045;GEM;ID;GEM, ID
16047;GOODING;ID;GOODING, ID
16049;IDAHO;ID;IDAHO, ID
16051;JEFFERSON;ID;JEFFERSON, ID
16053;JEROME;ID;JEROME, ID
16055;KOOTENAI;ID;KOOTENAI, ID
16057;LATAH;ID;LATAH, ID
16059;LEMHI;ID;LEMHI, ID
16061;LEWIS;ID;LEWIS, ID
16063;LINCOLN;ID;LINCOLN, ID
16065;MADISON;ID;MADISON, ID
16067;MINIDOKA;ID;MINIDOKA, ID
16069;NEZ PERCE;ID;NEZ PERCE, ID
16071;ONEIDA;ID;ONEIDA, ID
16073;OWYHEE;ID;OWYHEE, ID
16075;PAYETTE;ID;PAYETTE, ID
16077;POWER;ID;POWER, ID
16079;SHOSHONE;ID;SHOSHONE, ID
16081;TETON;ID;TETON, ID
16083;TWIN FALLS;ID;TWIN FALLS, ID
16085;VALLEY;ID;VALLEY, ID
16087;WASHINGTON;ID;WASHINGTON, ID
17001;ADAMS;IL;ADAMS, IL
17003;ALEXANDER;IL;ALEXANDER, IL
17005;BOND;IL;BOND, IL
17007;BOONE;IL;BOONE, IL
17009;BROWN;IL;BROWN, IL
17011;BUREAU;IL;BUREAU, IL
17013;CALHOUN;IL;CALHOUN, IL
17015;CARROLL;IL;CARROLL, IL
17017;CASS;IL;CASS, IL
17019;CHAMPAIGN;IL;CHAMPAIGN, IL
17021;CHRISTIAN;IL;CHRISTIAN, IL
17023;CLARK;IL;CLARK, IL
17025;CLAY;IL;CLAY, IL
17027;CLINTON;IL;CLINTON, IL
17029;COLES;IL;COLES, IL
17031;COOK;IL;COOK, IL
17033;CRAWFORD;IL;CRAWFORD, IL
17035;CUMBERLAND;IL;CUMBERLAND, IL
17037;DEKALB;IL;DEKALB, IL
17039;DEWITT;IL;DEWITT, IL
17041;DOUGLAS;IL;DOUGLAS, IL
17043;DUPAGE;IL;DUPAGE, IL
17045;EDGAR;IL;EDGAR, IL
17047;EDWARDS;IL;EDWARDS, IL
17049;EFFINGHAM;IL;EFFINGHAM, IL
17051;FAYETTE;IL;FAYETTE, IL
17053;FORD;IL;FORD, IL
17055;FRANKLIN;IL;FRANKLIN, IL
17057;FULTON;IL;FULTON, IL
17059;GALLATIN;IL;GALLATIN, IL
17061;GREENE;IL;GREENE, IL
17063;GRUNDY;IL;GRUNDY, IL
17065;HAMILTON;IL;HAMILTON, IL
17067;HANCOCK;IL;HANCOCK, IL
17069;HARDIN;IL;HARDIN, IL
17071;HENDERSON;IL;HENDERSON, IL
17073;HENRY;IL;HENRY, IL
17075;IROQUOIS;IL;IROQUOIS, IL
17077;JACKSON;IL;JACKSON, IL
17079;JASPER;IL;JASPER, IL
17081;JEFFERSON;IL;JEFFERSON, IL
17083;JERSEY;IL;JERSEY, IL
17085;JO DAVIESS;IL;JO DAVIESS, IL
17087;JOHNSON;IL;JOHNSON, IL
17089;KANE;IL;KANE, IL
17091;KANKAKEE;IL;KANKAKEE, IL
17093;KENDALL;IL;KENDALL, IL
17095;KNOX;IL;KNOX, IL
17097;LAKE;IL;LAKE, IL
17099;LA SALLE;IL;LA SALLE, IL
17101;LAWRENCE;IL;LAWRENCE, IL
17103;LEE;IL;LEE, IL
17105;LIVINGSTON;IL;LIVINGSTON, IL
17107;LOGAN;IL;LOGAN, IL
17109;MCDONOUGH;IL;MCDONOUGH, IL
17111;MCHENRY;IL;MCHENRY, IL
17113;MCLEAN;IL;MCLEAN, IL
17115;MACON;IL;MACON, IL
17117;MACOUPIN;IL;MACOUPIN, IL
17119;MADISON;IL;MADISON, IL
17121;MARION;IL;MARION, IL
17123;MARSHALL;IL;MARSHALL, IL
17125;MASON;IL;MASON, IL
17127;MASSAC;IL;MASSAC, IL
17129;MENARD;IL;MENARD, IL
17131;MERCER;IL;MERCER, IL
17133;MONROE;IL;MONROE, IL
17135;MONTGOMERY;IL;MONTGOMERY, IL
17137;MORGAN;IL;MORGAN, IL
17139;MOULTRIE;IL;MOULTRIE, IL
17141;OGLE;IL;OGLE, IL
17143;PEORIA;IL;PEORIA, IL
17145;PERRY;IL;PERRY, IL
17147;PIATT;IL;PIATT, IL
17149;PIKE;IL;PIKE, IL
17151;POPE;IL;POPE, IL
17153;PULASKI;IL;PULASKI, IL
17155;PUTNAM;IL;PUTNAM, IL
17157;RANDOLPH;IL;RANDOLPH, IL
17159;RICHLAND;IL;RICHLAND, IL
17161;ROCK ISLAND;IL;ROCK ISLAND, IL
17163;ST CLAIR;IL;ST CLAIR, IL
17165;SALINE;IL;SALINE, IL
17167;SANGAMON;IL;SANGAMON, IL
17169;SCHUYLER;IL;SCHUYLER, IL
17171;SCOTT;IL;SCOTT, IL
17173;SHELBY;IL;SHELBY, IL
17175;STARK;IL;STARK, IL
17177;STEPHENSON;IL;STEPHENSON, IL
17179;TAZEWELL;IL;TAZEWELL, IL
17181;UNION;IL;UNION, IL
17183;VERMILION;IL;VERMILION, IL
17185;WABASH;IL;WABASH, IL
17187;WARREN;IL;WARREN, IL
17189;WASHINGTON;IL;WASHINGTON, IL
17191;WAYNE;IL;WAYNE, IL
17193;WHITE;IL;WHITE, IL
17195;WHITESIDE;IL;WHITESIDE, IL
17197;WILL;IL;WILL, IL
17199;WILLIAMSON;IL;WILLIAMSON, IL
17201;WINNEBAGO;IL;WINNEBAGO, IL
17203;WOODFORD;IL;WOODFORD, IL
18001;ADAMS;IN;ADAMS, IN
18003;ALLEN;IN;ALLEN, IN
18005;BARTHOLOMEW;IN;BARTHOLOMEW, IN
18007;BENTON;IN;BENTON, IN
18009;BLACKFORD;IN;BLACKFORD, IN
18011;BOONE;IN;BOONE, IN
18013;BROWN;IN;BROWN, IN
18015;CARROLL;IN;CARROLL, IN
18017;CASS;IN;CASS, IN
18019;CLARK;IN;CLARK, IN
18021;CLAY;IN;CLAY, IN
18023;CLINTON;IN;CLINTON, IN
18025;CRAWFORD;IN;CRAWFORD, IN
18027;DAVIESS;IN;DAVIESS, IN
18029;DEARBORN;IN;DEARBORN, IN
18031;DECATUR;IN;DECATUR, IN
18033;DEKALB;IN;DEKALB, IN
18035;DELAWARE;IN;DELAWARE, IN
18037;DUBOIS;IN;DUBOIS, IN
18039;ELKHART;IN;ELKHART, IN
18041;FAYETTE;IN;FAYETTE, IN
18043;FLOYD;IN;FLOYD, IN
18045;FOUNTAIN;IN;FOUNTAIN, IN
18047;FRANKLIN;IN;FRANKLIN, IN
18049;FULTON;IN;FULTON, IN
18051;GIBSON;IN;GIBSON, IN
18053;GRANT;IN;GRANT, IN
18055;GREENE;IN;GREENE, IN
18057;HAMILTON;IN;HAMILTON, IN
18059;HANCOCK;IN;HANCOCK, IN
18061;HARRISON;IN;HARRISON, IN
18063;HENDRICKS;IN;HENDRICKS, IN
18065;HENRY;IN;HENRY, IN
18067;HOWARD;IN;HOWARD, IN
18069;HUNTINGTON;IN;HUNTINGTON, IN
18071;JACKSON;IN;JACKSON, IN
18073;JASPER;IN;JASPER, IN
18075;JAY;IN;JAY, IN
18077;JEFFERSON;IN;JEFFERSON, IN
18079;JENNINGS;IN;JENNINGS, IN
18081;JOHNSON;IN;JOHNSON, IN
18083;KNOX;IN;KNOX, IN
18085;KOSCIUSKO;IN;KOSCIUSKO, IN
18087;LAGRANGE;IN;LAGRANGE, IN
18089;LAKE;IN;LAKE, IN
18091;LA PORTE;IN;LA PORTE, IN
18093;LAWRENCE;IN;LAWRENCE, IN
18095;MADISON;IN;MADISON, IN
18097;MARION;IN;MARION, IN
18099;MARSHALL;IN;MARSHALL, IN
18101;MARTIN;IN;MARTIN, IN
18103;MIAMI;IN;MIAMI, IN
18105;MONROE;IN;MONROE, IN
18107;MONTGOMERY;IN;MONTGOMERY, IN
18109;MORGAN;IN;MORGAN, IN
18111;NEWTON;IN;NEWTON, IN
18113;NOBLE;IN;NOBLE, IN
18115;OHIO;IN;OHIO, IN
18117;ORANGE;IN;ORANGE, IN
18119;OWEN;IN;OWEN, IN
18121;PARKE;IN;PARKE, IN
18123;PERRY;IN;PERRY, IN
18125;PIKE;IN;PIKE, IN
18127;PORTER;IN;PORTER, IN
18129;POSEY;IN;POSEY, IN
18131;PULASKI;IN;PULASKI, IN
18133;PUTNAM;IN;PUTNAM, IN
18135;RANDOLPH;IN;RANDOLPH, IN
18137;RIPLEY;IN;RIPLEY, IN
18139;RUSH;IN;RUSH, IN
18141;ST JOSEPH;IN;ST JOSEPH, IN
18143;SCOTT;IN;SCOTT, IN
18145;SHELBY;IN;SHELBY, IN
18147;SPENCER;IN;SPENCER, IN
18149;STARKE;IN;STARKE, IN
18151;STEUBEN;IN;STEUBEN, IN
18153;SULLIVAN;IN;SULLIVAN, IN
18155;SWITZERLAND;IN;SWITZERLAND, IN
18157;TIPPECANOE;IN;TIPPECANOE, IN
18159;TIPTON;IN;TIPTON, IN
18161;UNION;IN;UNION, IN
18163;VANDERBURGH;IN;VANDERBURGH, IN
18165;VERMILLION;IN;VERMILLION, IN
18167;VIGO;IN;VIGO, IN
18169;WABASH;IN;WABASH, IN
18171;WARREN;IN;WARREN, IN
18173;WARRICK;IN;WARRICK, IN
18175;WASHINGTON;IN;WASHINGTON, IN
18177;WAYNE;IN;WAYNE, IN
18179;WELLS;IN;WELLS, IN
18181;WHITE;IN;WHITE, IN
18183;WHITLEY;IN;WHITLEY, IN
19001;ADAIR;IA;ADAIR, IA
19003;ADAMS;IA;ADAMS, IA
19005;ALLAMAKEE;IA;ALLAMAKEE, IA
19007;APPANOOSE;IA;APPANOOSE, IA
19009;AUDUBON;IA;AUDUBON, IA
19011;BENTON;IA;BENTON, IA
19013;BLACK HAWK;IA;BLACK HAWK, IA
19015;BOONE;IA;BOONE, IA
19017;BREMER;IA;BREMER, IA
19019;BUCHANAN;IA;BUCHANAN, IA
19021;BUENA VISTA;IA;BUENA VISTA, IA
19023;BUTLER;IA;BUTLER, IA
19025;CALHOUN;IA;CALHOUN, IA
19027;CARROLL;IA;CARROLL, IA
19029;CASS;IA;CASS, IA
19031;CEDAR;IA;CEDAR, IA
19033;CERRO GORDO;IA;CERRO GORDO, IA
19035;CHEROKEE;IA;CHEROKEE, IA
19037;CHICKASAW;IA;CHICKASAW, IA
19039;CLARKE;IA;CLARKE, IA
19041;CLAY;IA;CLAY, IA
19043;CLAYTON;IA;CLAYTON, IA
19045;CLINTON;IA;CLINTON, IA
19047;CRAWFORD;IA;CRAWFORD, IA
19049;DALLAS;IA;DALLAS, IA
19051;DAVIS;IA;DAVIS, IA
19053;DECATUR;IA;DECATUR, IA
19055;DELAWARE;IA;DELAWARE, IA
19057;DES MOINES;IA;DES MOINES, IA
19059;DICKINSON;IA;DICKINSON, IA
19061;DUBUQUE;IA;DUBUQUE, IA
19063;EMMET;IA;EMMET, IA
19065;FAYETTE;IA;FAYETTE, IA
19067;FLOYD;IA;FLOYD, IA
19069;FRANKLIN;IA;FRANKLIN, IA
19071;FREMONT;IA;FREMONT, IA
19073;GREENE;IA;GREENE, IA
19075;GRUNDY;IA;GRUNDY, IA
19077;GUTHRIE;IA;GUTHRIE, IA
19079;HAMILTON;IA;HAMILTON, IA
19081;HANCOCK;IA;HANCOCK, IA
19083;HARDIN;IA;HARDIN, IA
19085;HARRISON;IA;HARRISON, IA
19087;HENRY;IA;HENRY, IA
19089;HOWARD;IA;HOWARD, IA
19091;HUMBOLDT;IA;HUMBOLDT, IA
19093;IDA;IA;IDA, IA
19095;IOWA;IA;IOWA, IA
19097;JACKSON;IA;JACKSON, IA
19099;JASPER;IA;JASPER, IA
19101;JEFFERSON;IA;JEFFERSON, IA
19103;JOHNSON;IA;JOHNSON, IA
19105;JONES;IA;JONES, IA
19107;KEOKUK;IA;KEOKUK, IA
19109;KOSSUTH;IA;KOSSUTH, IA
19111;LEE;IA;LEE, IA
19113;LINN;IA;LINN, IA
19115;LOUISA;IA;LOUISA, IA
19117;LUCAS;IA;LUCAS, IA
19119;LYON;IA;LYON, IA
19121;MADISON;IA;MADISON, IA
19123;MAHASKA;IA;MAHASKA, IA
19125;MARION;IA;MARION, IA
19127;MARSHALL;IA;MARSHALL, IA
19129;MILLS;IA;MILLS, IA
19131;MITCHELL;IA;MITCHELL, IA
19133;MONONA;IA;MONONA, IA
19135;MONROE;IA;MONROE, IA
19137;MONTGOMERY;IA;MONTGOMERY, IA
19139;MUSCATINE;IA;MUSCATINE, IA
19141;OBRIEN;IA;OBRIEN, IA
19143;OSCEOLA;IA;OSCEOLA, IA
19145;PAGE;IA;PAGE, IA
19147;PALO ALTO;IA;PALO ALTO, IA
19149;PLYMOUTH;IA;PLYMOUTH, IA
19151;POCAHONTAS;IA;POCAHONTAS, IA
19153;POLK;IA;POLK, IA
19155;POTTAWATTAMIE;IA;POTTAWATTAMIE, IA
19157;POWESHIEK;IA;POWESHIEK, IA
19159;RINGGOLD;IA;RINGGOLD, IA
19161;SAC;IA;SAC, IA
19163;SCOTT;IA;SCOTT, IA
19165;SHELBY;IA;SHELBY, IA
19167;SIOUX;IA;SIOUX, IA
19169;STORY;IA;STORY, IA
19171;TAMA;IA;TAMA, IA
19173;TAYLOR;IA;TAYLOR, IA
19175;UNION;IA;UNION, IA
19177;VAN BUREN;IA;VAN BUREN, IA
19179;WAPELLO;IA;WAPELLO, IA
19181;WARREN;IA;WARREN, IA
19183;WASHINGTON;IA;WASHINGTON, IA
19185;WAYNE;IA;WAYNE, IA
19187;WEBSTER;IA;WEBSTER, IA
19189;WINNEBAGO;IA;WINNEBAGO, IA
19191;WINNESHIEK;IA;WINNESHIEK, IA
19193;WOODBURY;IA;WOODBURY, IA
19195;WORTH;IA;WORTH, IA
19197;WRIGHT;IA;WRIGHT, IA
20001;ALLEN;KS;ALLEN, KS
20003;ANDERSON;KS;ANDERSON, KS
20005;ATCHISON;KS;ATCHISON, KS
20007;BARBER;KS;BARBER, KS
20009;BARTON;KS;BARTON, KS
20011;BOURBON;KS;BOURBON, KS
20013;BROWN;KS;BROWN, KS
20015;BUTLER;KS;BUTLER, KS
20017;CHASE;KS;CHASE, KS
20019;CHAUTAUQUA;KS;CHAUTAUQUA, KS
20021;CHEROKEE;KS;CHEROKEE, KS
20023;CHEYENNE;KS;CHEYENNE, KS
20025;CLARK;KS;CLARK, KS
20027;CLAY;KS;CLAY, KS
20029;CLOUD;KS;CLOUD, KS
20031;COFFEY;KS;COFFEY, KS
20033;COMANCHE;KS;COMANCHE, KS
20035;COWLEY;KS;COWLEY, KS
20037;CRAWFORD;KS;CRAWFORD, KS
20039;DECATUR;KS;DECATUR, KS
20041;DICKINSON;KS;DICKINSON, KS
20043;DONIPHAN;KS;DONIPHAN, KS
20045;DOUGLAS;KS;DOUGLAS, KS
20047;EDWARDS;KS;EDWARDS, KS
20049;ELK;KS;ELK, KS
20051;ELLIS;KS;ELLIS, KS
20053;ELLSWORTH;KS;ELLSWORTH, KS
20055;FINNEY;KS;FINNEY, KS
20057;FORD;KS;FORD, KS
20059;FRANKLIN;KS;FRANKLIN, KS
20061;GEARY;KS;GEARY, KS
20063;GOVE;KS;GOVE, KS
20065;GRAHAM;KS;GRAHAM, KS
20067;GRANT;KS;GRANT, KS
20069;GRAY;KS;GRAY, KS
20071;GREELEY;KS;GREELEY, KS
20073;GREENWOOD;KS;GREENWOOD, KS
20075;HAMILTON;KS;HAMILTON, KS
20077;HARPER;KS;HARPER, KS
20079;HARVEY;KS;HARVEY, KS
20081;HASKELL;KS;HASKELL, KS
20083;HODGEMAN;KS;HODGEMAN, KS
20085;JACKSON;KS;JACKSON, KS
20087;JEFFERSON;KS;JEFFERSON, KS
20089;JEWELL;KS;JEWELL, KS
20091;JOHNSON;KS;JOHNSON, KS
20093;KEARNY;KS;KEARNY, KS
20095;KINGMAN;KS;KINGMAN, KS
20097;KIOWA;KS;KIOWA, KS
20099;LABETTE;KS;LABETTE, KS
20101;LANE;KS;LANE, KS
20103;LEAVENWORTH;KS;LEAVENWORTH, KS
20105;LINCOLN;KS;LINCOLN, KS
20107;LINN;KS;LINN, KS
20109;LOGAN;KS;LOGAN, KS
20111;LYON;KS;LYON, KS
20113;MCPHERSON;KS;MCPHERSON, KS
20115;MARION;KS;MARION, KS
20117;MARSHALL;KS;MARSHALL, KS
20119;MEADE;KS;MEADE, KS
20121;MIAMI;KS;MIAMI, KS
20123;MITCHELL;KS;MITCHELL, KS
20125;MONTGOMERY;KS;MONTGOMERY, KS
20127;MORRIS;KS;MORRIS, KS
20129;MORTON;KS;MORTON, KS
20131;NEMAHA;KS;NEMAHA, KS
20133;NEOSHO;KS;NEOSHO, KS
20135;NESS;KS;NESS, KS
20137;NORTON;KS;NORTON, KS
20139;OSAGE;KS;OSAGE, KS
20141;OSBORNE;KS;OSBORNE, KS
20143;OTTAWA;KS;OTTAWA, KS
20145;PAWNEE;KS;PAWNEE, KS
20147;PHILLIPS;KS;PHILLIPS, KS
20149;POTTAWATOMIE;KS;POTTAWATOMIE, KS
20151;PRATT;KS;PRATT, KS
20153;RAWLINS;KS;RAWLINS, KS
20155;RENO;KS;RENO, KS
20157;REPUBLIC;KS;REPUBLIC, KS
20159;RICE;KS;RICE, KS
20161;RILEY;KS;RILEY, KS
20163;ROOKS;KS;ROOKS, KS
20165;RUSH;KS;RUSH, KS
20167;RUSSELL;KS;RUSSELL, KS
20169;SALINE;KS;SALINE, KS
20171;SCOTT;KS;SCOTT, KS
20173;SEDGWICK;KS;SEDGWICK, KS
20175;SEWARD;KS;SEWARD, KS
20177;SHAWNEE;KS;SHAWNEE, KS
20179;SHERIDAN;KS;SHERIDAN, KS
20181;SHERMAN;KS;SHERMAN, KS
20183;SMITH;KS;SMITH, KS
20185;STAFFORD;KS;STAFFORD, KS
20187;STANTON;KS;STANTON, KS
20189;STEVENS;KS;STEVENS, KS
20191;SUMNER;KS;SUMNER, KS
20193;THOMAS;KS;THOMAS, KS
20195;TREGO;KS;TREGO, KS
20197;WABAUNSEE;KS;WABAUNSEE, KS
20199;WALLACE;KS;WALLACE, KS
20201;WASHINGTON;KS;WASHINGTON, KS
20203;WICHITA;KS;WICHITA, KS
20205;WILSON;KS;WILSON, KS
20207;WOODSON;KS;WOODSON, KS
20209;WYANDOTTE;KS;WYANDOTTE, KS
21001;ADAIR;KY;ADAIR, KY
21003;ALLEN;KY;ALLEN, KY
21005;ANDERSON;KY;ANDERSON, KY
21007;BALLARD;KY;BALLARD, KY
21009;BARREN;KY;BARREN, KY
21011;BATH;KY;BATH, KY
21013;BELL;KY;BELL, KY
21015;BOONE;KY;BOONE, KY
21017;BOURBON;KY;BOURBON, KY
21019;BOYD;KY;BOYD, KY
21021;BOYLE;KY;BOYLE, KY
21023;BRACKEN;KY;BRACKEN, KY
21025;BREATHITT;KY;BREATHITT, KY
21027;BRECKINRIDGE;KY;BRECKINRIDGE, KY
21029;BULLITT;KY;BULLITT, KY
21031;BUTLER;KY;BUTLER, KY
21033;CALDWELL;KY;CALDWELL, KY
21035;CALLOWAY;KY;CALLOWAY, KY
21037;CAMPBELL;KY;CAMPBELL, KY
21039;CARLISLE;KY;CARLISLE, KY
21041;CARROLL;KY;CARROLL, KY
21043;CARTER;KY;CARTER, KY
21045;CASEY;KY;CASEY, KY
21047;CHRISTIAN;KY;CHRISTIAN, KY
21049;CLARK;KY;CLARK, KY
21051;CLAY;KY;CLAY, KY
21053;CLINTON;KY;CLINTON, KY
21055;CRITTENDEN;KY;CRITTENDEN, KY
21057;CUMBERLAND;KY;CUMBERLAND, KY
21059;DAVIESS;KY;DAVIESS, KY
21061;EDMONSON;KY;EDMONSON, KY
21063;ELLIOTT;KY;ELLIOTT, KY
21065;ESTILL;KY;ESTILL, KY
21067;FAYETTE;KY;FAYETTE, KY
21069;FLEMING;KY;FLEMING, KY
21071;FLOYD;KY;FLOYD, KY
21073;FRANKLIN;KY;FRANKLIN, KY
21075;FULTON;KY;FULTON, KY
21077;GALLATIN;KY;GALLATIN, KY
21079;GARRARD;KY;GARRARD, KY
21081;GRANT;KY;GRANT, KY
21083;GRAVES;KY;GRAVES, KY
21085;GRAYSON;KY;GRAYSON, KY
21087;GREEN;KY;GREEN, KY
21089;GREENUP;KY;GREENUP, KY
21091;HANCOCK;KY;HANCOCK, KY
21093;HARDIN;KY;HARDIN, KY
21095;HARLAN;KY;HARLAN, KY
21097;HARRISON;KY;HARRISON, KY
21099;HART;KY;HART, KY
21101;HENDERSON;KY;HENDERSON, KY
21103;HENRY;KY;HENRY, KY
21105;HICKMAN;KY;HICKMAN, KY
21107;HOPKINS;KY;HOPKINS, KY
21109;JACKSON;KY;JACKSON, KY
21111;JEFFERSON;KY;JEFFERSON, KY
21113;JESSAMINE;KY;JESSAMINE, KY
21115;JOHNSON;KY;JOHNSON, KY
21117;KENTON;KY;KENTON, KY
21119;KNOTT;KY;KNOTT, KY
21121;KNOX;KY;KNOX, KY
21123;LARUE;KY;LARUE, KY
21125;LAUREL;KY;LAUREL, KY
21127;LAWRENCE;KY;LAWRENCE, KY
21129;LEE;KY;LEE, KY
21131;LESLIE;KY;LESLIE, KY
21133;LETCHER;KY;LETCHER, KY
21135;LEWIS;KY;LEWIS, KY
21137;LINCOLN;KY;LINCOLN, KY
21139;LIVINGSTON;KY;LIVINGSTON, KY
21141;LOGAN;KY;LOGAN, KY
21143;LYON;KY;LYON, KY
21145;MCCRACKEN;KY;MCCRACKEN, KY
21147;MCCREARY;KY;MCCREARY, KY
21149;MCLEAN;KY;MCLEAN, KY
21151;MADISON;KY;MADISON, KY
21153;MAGOFFIN;KY;MAGOFFIN, KY
21155;MARION;KY;MARION, KY
21157;MARSHALL;KY;MARSHALL, KY
21159;MARTIN;KY;MARTIN, KY
21161;MASON;KY;MASON, KY
21163;MEADE;KY;MEADE, KY
21165;MENIFEE;KY;MENIFEE, KY
21167;MERCER;KY;MERCER, KY
21169;METCALFE;KY;METCALFE, KY
21171;MONROE;KY;MONROE, KY
21173;MONTGOMERY;KY;MONTGOMERY, KY
21175;MORGAN;KY;MORGAN, KY
21177;MUHLENBERG;KY;MUHLENBERG, KY
21179;NELSON;KY;NELSON, KY
21181;NICHOLAS;KY;NICHOLAS, KY
21183;OHIO;KY;OHIO, KY
21185;OLDHAM;KY;OLDHAM, KY
21187;OWEN;KY;OWEN, KY
21189;OWSLEY;KY;OWSLEY, KY
21191;PENDLETON;KY;PENDLETON, KY
21193;PERRY;KY;PERRY, KY
21195;PIKE;KY;PIKE, KY
21197;POWELL;KY;POWELL, KY
21199;PULASKI;KY;PULASKI, KY
21201;ROBERTSON;KY;ROBERTSON, KY
21203;ROCKCASTLE;KY;ROCKCASTLE, KY
21205;ROWAN;KY;ROWAN, KY
21207;RUSSELL;KY;RUSSELL, KY
21209;SCOTT;KY;SCOTT, KY
21211;SHELBY;KY;SHELBY, KY
21213;SIMPSON;KY;SIMPSON, KY
21215;SPENCER;KY;SPENCER, KY
21217;TAYLOR;KY;TAYLOR, KY
21219;TODD;KY;TODD, KY
21221;TRIGG;KY;TRIGG, KY
21223;TRIMBLE;KY;TRIMBLE, KY
21225;UNION;KY;UNION, KY
21227;WARREN;KY;WARREN, KY
21229;WASHINGTON;KY;WASHINGTON, KY
21231;WAYNE;KY;WAYNE, KY
21233;WEBSTER;KY;WEBSTER, KY
21235;WHITLEY;KY;WHITLEY, KY
21237;WOLFE;KY;WOLFE, KY
21239;WOODFORD;KY;WOODFORD, KY
22001;ACADIA;LA;ACADIA, LA
22003;ALLEN;LA;ALLEN, LA
22005;ASCENSION;LA;ASCENSION, LA
22007;ASSUMPTION;LA;ASSUMPTION, LA
22009;AVOYELLES;LA;AVOYELLES, LA
22011;BEAUREGARD;LA;BEAUREGARD, LA
22013;BIENVILLE;LA;BIENVILLE, LA
22015;BOSSIER;LA;BOSSIER, LA
22017;CADDO;LA;CADDO, LA
22019;CALCASIEU;LA;CALCASIEU, LA
22021;CALDWELL;LA;CALDWELL, LA
22023;CAMERON;LA;CAMERON, LA
22025;CATAHOULA;LA;CATAHOULA, LA
22027;CLAIBORNE;LA;CLAIBORNE, LA
22029;CONCORDIA;LA;CONCORDIA, LA
22031;DE SOTO;LA;DE SOTO, LA
22033;EAST BATON ROUGE;LA;EAST BATON ROUGE, LA
22035;EAST CARROLL;LA;EAST CARROLL, LA
22037;EAST FELICIANA;LA;EAST FELICIANA, LA
22039;EVANGELINE;LA;EVANGELINE, LA
22041;FRANKLIN;LA;FRANKLIN, LA
22043;GRANT;LA;GRANT, LA
22045;IBERIA;LA;IBERIA, LA
22047;IBERVILLE;LA;IBERVILLE, LA
22049;JACKSON;LA;JACKSON, LA
22051;JEFFERSON;LA;JEFFERSON, LA
22053;JEFFERSON DAVIS;LA;JEFFERSON DAVIS, LA
22055;LAFAYETTE;LA;LAFAYETTE, LA
22057;LAFOURCHE;LA;LAFOURCHE, LA
22059;LA SALLE;LA;LA SALLE, LA
22061;LINCOLN;LA;LINCOLN, LA
22063;LIVINGSTON;LA;LIVINGSTON, LA
22065;MADISON;LA;MADISON, LA
22067;MOREHOUSE;LA;MOREHOUSE, LA
22069;NATCHITOCHES;LA;NATCHITOCHES, LA
22071;ORLEANS;LA;ORLEANS, LA
22073;OUACHITA;LA;OUACHITA, LA
22075;PLAQUEMINES;LA;PLAQUEMINES, LA
22077;POINTE COUPEE;LA;POINTE COUPEE, LA
22079;RAPIDES;LA;RAPIDES, LA
22081;RED RIVER;LA;RED RIVER, LA
22083;RICHLAND;LA;RICHLAND, LA
22085;SABINE;LA;SABINE, LA
22087;ST BERNARD;LA;ST BERNARD, LA
22089;ST CHARLES;LA;ST CHARLES, LA
22091;ST HELENA;LA;ST HELENA, LA
22093;ST JAMES;LA;ST JAMES, LA
22095;ST JOHN THE BAPTIST;LA;ST JOHN THE BAPTIST, LA
22097;ST LANDRY;LA;ST LANDRY, LA
22099;ST MARTIN;LA;ST MARTIN, LA
22101;ST MARY;LA;ST MARY, LA
22103;ST TAMMANY;LA;ST TAMMANY, LA
22105;TANGIPAHOA;LA;TANGIPAHOA, LA
22107;TENSAS;LA;TENSAS, LA
22109;TERREBONNE;LA;TERREBONNE, LA
22111;UNION;LA;UNION, LA
22113;VERMILION;LA;VERMILION, LA
22115;VERNON;LA;VERNON, LA
22117;WASHINGTON;LA;WASHINGTON, LA
22119;WEBSTER;LA;WEBSTER, LA
22121;WEST BATON ROUGE;LA;WEST BATON ROUGE, LA
22123;WEST CARROLL;LA;WEST CARROLL, LA
22125;WEST FELICIANA;LA;WEST FELICIANA, LA
22127;WINN;LA;WINN, LA
23001;ANDROSCOGGIN;ME;ANDROSCOGGIN, ME
23003;AROOSTOOK;ME;AROOSTOOK, ME
23005;CUMBERLAND;ME;CUMBERLAND, ME
23007;FRANKLIN;ME;FRANKLIN, ME
23009;HANCOCK;ME;HANCOCK, ME
23011;KENNEBEC;ME;KENNEBEC, ME
23013;KNOX;ME;KNOX, ME
23015;LINCOLN;ME;LINCOLN, ME
23017;OXFORD;ME;OXFORD, ME
23019;PENOBSCOT;ME;PENOBSCOT, ME
23021;PISCATAQUIS;ME;PISCATAQUIS, ME
23023;SAGADAHOC;ME;SAGADAHOC, ME
23025;SOMERSET;ME;SOMERSET, ME
23027;WALDO;ME;WALDO, ME
23029;WASHINGTON;ME;WASHINGTON, ME
23031;YORK;ME;YORK, ME
24001;ALLEGANY;MD;ALLEGANY, MD
24003;ANNE ARUNDEL;MD;ANNE ARUNDEL, MD
24005;BALTIMORE;MD;BALTIMORE, MD
24009;CALVERT;MD;CALVERT, MD
24011;CAROLINE;MD;CAROLINE, MD
24013;CARROLL;MD;CARROLL, MD
24015;CECIL;MD;CECIL, MD
24017;CHARLES;MD;CHARLES, MD
24019;DORCHESTER;MD;DORCHESTER, MD
24021;FREDERICK;MD;FREDERICK, MD
24023;GARRETT;MD;GARRETT, MD
24025;HARFORD;MD;HARFORD, MD
24027;HOWARD;MD;HOWARD, MD
24029;KENT;MD;KENT, MD
24031;MONTGOMERY;MD;MONTGOMERY, MD
24033;PRINCE GEORGES;MD;PRINCE GEORGES, MD
24035;QUEEN ANNES;MD;QUEEN ANNES, MD
24037;ST MARYS;MD;ST MARYS, MD
24039;SOMERSET;MD;SOMERSET, MD
24041;TALBOT;MD;TALBOT, MD
24043;WASHINGTON;MD;WASHINGTON, MD
24045;WICOMICO;MD;WICOMICO, MD
24047;WORCESTER;MD;WORCESTER, MD
24510;BALTIMORE CITY;MD;BALTIMORE CITY, MD
25001;BARNSTABLE;MA;BARNSTABLE, MA
25003;BERKSHIRE;MA;BERKSHIRE, MA
25005;BRISTOL;MA;BRISTOL, MA
25007;DUKES;MA;DUKES, MA
25009;ESSEX;MA;ESSEX, MA
25011;FRANKLIN;MA;FRANKLIN, MA
25013;HAMPDEN;MA;HAMPDEN, MA
25015;HAMPSHIRE;MA;HAMPSHIRE, MA
25017;MIDDLESEX;MA;MIDDLESEX, MA
25019;NANTUCKET;MA;NANTUCKET, MA
25021;NORFOLK;MA;NORFOLK, MA
25023;PLYMOUTH;MA;PLYMOUTH, MA
25025;SUFFOLK;MA;SUFFOLK, MA
25027;WORCESTER;MA;WORCESTER, MA
26001;ALCONA;MI;ALCONA, MI
26003;ALGER;MI;ALGER, MI
26005;ALLEGAN;MI;ALLEGAN, MI
26007;ALPENA;MI;ALPENA, MI
26009;ANTRIM;MI;ANTRIM, MI
26011;ARENAC;MI;ARENAC, MI
26013;BARAGA;MI;BARAGA, MI
26015;BARRY;MI;BARRY, MI
26017;BAY;MI;BAY, MI
26019;BENZIE;MI;BENZIE, MI
26021;BERRIEN;MI;BERRIEN, MI
26023;BRANCH;MI;BRANCH, MI
26025;CALHOUN;MI;CALHOUN, MI
26027;CASS;MI;CASS, MI
26029;CHARLEVOIX;MI;CHARLEVOIX, MI
26031;CHEBOYGAN;MI;CHEBOYGAN, MI
26033;CHIPPEWA;MI;CHIPPEWA, MI
26035;CLARE;MI;CLARE, MI
26037;CLINTON;MI;CLINTON, MI
26039;CRAWFORD;MI;CRAWFORD, MI
26041;DELTA;MI;DELTA, MI
26043;DICKINSON;MI;DICKINSON, MI
26045;EATON;MI;EATON, MI
26047;EMMET;MI;EMMET, MI
26049;GENESEE;MI;GENESEE, MI
26051;GLADWIN;MI;GLADWIN, MI
26053;GOGEBIC;MI;GOGEBIC, MI
26055;GRAND TRAVERSE;MI;GRAND TRAVERSE, MI
26057;GRATIOT;MI;GRATIOT, MI
26059;HILLSDALE;MI;HILLSDALE, MI
26061;HOUGHTON;MI;HOUGHTON, MI
26063;HURON;MI;HURON, MI
26065;INGHAM;MI;INGHAM, MI
26067;IONIA;MI;IONIA, MI
26069;IOSCO;MI;IOSCO, MI
26071;IRON;MI;IRON, MI
26073;ISABELLA;MI;ISABELLA, MI
26075;JACKSON;MI;JACKSON, MI
26077;KALAMAZOO;MI;KALAMAZOO, MI
26079;KALKASKA;MI;KALKASKA, MI
26081;KENT;MI;KENT, MI
26083;KEWEENAW;MI;KEWEENAW, MI
26085;LAKE;MI;LAKE, MI
26087;LAPEER;MI;LAPEER, MI
26089;LEELANAU;MI;LEELANAU, MI
26091;LENAWEE;MI;LENAWEE, MI
26093;LIVINGSTON;MI;LIVINGSTON, MI
26095;LUCE;MI;LUCE, MI
26097;MACKINAC;MI;MACKINAC, MI
26099;MACOMB;MI;MACOMB, MI
26101;MANISTEE;MI;MANISTEE, MI
26103;MARQUETTE;MI;MARQUETTE, MI
26105;MASON;MI;MASON, MI
26107;MECOSTA;MI;MECOSTA, MI
26109;MENOMINEE;MI;MENOMINEE, MI
26111;MIDLAND;MI;MIDLAND, MI
26113;MISSAUKEE;MI;MISSAUKEE, MI
26115;MONROE;MI;MONROE, MI
26117;MONTCALM;MI;MONTCALM, MI
26119;MONTMORENCY;MI;MONTMORENCY, MI
26121;MUSKEGON;MI;MUSKEGON, MI
26123;NEWAYGO;MI;NEWAYGO, MI
26125;OAKLAND;MI;OAKLAND, MI
26127;OCEANA;MI;OCEANA, MI
26129;OGEMAW;MI;OGEMAW, MI
26131;ONTONAGON;MI;ONTONAGON, MI
26133;OSCEOLA;MI;OSCEOLA, MI
26135;OSCODA;MI;OSCODA, MI
26137;OTSEGO;MI;OTSEGO, MI
26139;OTTAWA;MI;OTTAWA, MI
26141;PRESQUE ISLE;MI;PRESQUE ISLE, MI
26143;ROSCOMMON;MI;ROSCOMMON, MI
26145;SAGINAW;MI;SAGINAW, MI
26147;ST CLAIR;MI;ST CLAIR, MI
26149;ST JOSEPH;MI;ST JOSEPH, MI
26151;SANILAC;MI;SANILAC, MI
26153;SCHOOLCRAFT;MI;SCHOOLCRAFT, MI
26155;SHIAWASSEE;MI;SHIAWASSEE, MI
26157;TUSCOLA;MI;TUSCOLA, MI
26159;VAN BUREN;MI;VAN BUREN, MI
26161;WASHTENAW;MI;WASHTENAW, MI
26163;WAYNE;MI;WAYNE, MI
26165;WEXFORD;MI;WEXFORD, MI
27001;AITKIN;MN;AITKIN, MN
27003;ANOKA;MN;ANOKA, MN
27005;BECKER;MN;BECKER, MN
27007;BELTRAMI;MN;BELTRAMI, MN
27009;BENTON;MN;BENTON, MN
27011;BIG STONE;MN;BIG STONE, MN
27013;BLUE EARTH;MN;BLUE EARTH, MN
27015;BROWN;MN;BROWN, MN
27017;CARLTON;MN;CARLTON, MN
27019;CARVER;MN;CARVER, MN
27021;CASS;MN;CASS, MN
27023;CHIPPEWA;MN;CHIPPEWA, MN
27025;CHISAGO;MN;CHISAGO, MN
27027;CLAY;MN;CLAY, MN
27029;CLEARWATER;MN;CLEARWATER, MN
27031;COOK;MN;COOK, MN
27033;COTTONWOOD;MN;COTTONWOOD, MN
27035;CROW WING;MN;CROW WING, MN
27037;DAKOTA;MN;DAKOTA, MN
27039;DODGE;MN;DODGE, MN
27041;DOUGLAS;MN;DOUGLAS, MN
27043;FARIBAULT;MN;FARIBAULT, MN
27045;FILLMORE;MN;FILLMORE, MN
27047;FREEBORN;MN;FREEBORN, MN
27049;GOODHUE;MN;GOODHUE, MN
27051;GRANT;MN;GRANT, MN
27053;HENNEPIN;MN;HENNEPIN, MN
27055;HOUSTON;MN;HOUSTON, MN
27057;HUBBARD;MN;HUBBARD, MN
27059;ISANTI;MN;ISANTI, MN
27061;ITASCA;MN;ITASCA, MN
27063;JACKSON;MN;JACKSON, MN
27065;KANABEC;MN;KANABEC, MN
27067;KANDIYOHI;MN;KANDIYOHI, MN
27069;KITTSON;MN;KITTSON, MN
27071;KOOCHICHING;MN;KOOCHICHING, MN
27073;LAC QUI PARLE;MN;LAC QUI PARLE, MN
27075;LAKE;MN;LAKE, MN
27077;LAKE OF THE WOODS;MN;LAKE OF THE WOODS, MN
27079;LE SUEUR;MN;LE SUEUR, MN
27081;LINCOLN;MN;LINCOLN, MN
27083;LYON;MN;LYON, MN
27085;MC LEOD;MN;MC LEOD, MN
27087;MAHNOMEN;MN;MAHNOMEN, MN
27089;MARSHALL;MN;MARSHALL, MN
27091;MARTIN;MN;MARTIN, MN
27093;MEEKER;MN;MEEKER, MN
27095;MILLE LACS;MN;MILLE LACS, MN
27097;MORRISON;MN;MORRISON, MN
27099;MOWER;MN;MOWER, MN
27101;MURRAY;MN;MURRAY, MN
27103;NICOLLET;MN;NICOLLET, MN
27105;NOBLES;MN;NOBLES, MN
27107;NORMAN;MN;NORMAN, MN
27109;OLMSTED;MN;OLMSTED, MN
27111;OTTER TAIL;MN;OTTER TAIL, MN
27113;PENNINGTON;MN;PENNINGTON, MN
27115;PINE;MN;PINE, MN
27117;PIPESTONE;MN;PIPESTONE, MN
27119;POLK;MN;POLK, MN
27121;POPE;MN;POPE, MN
27123;RAMSEY;MN;RAMSEY, MN
27125;RED LAKE;MN;RED LAKE, MN
27127;REDWOOD;MN;REDWOOD, MN
27129;RENVILLE;MN;RENVILLE, MN
27131;RICE;MN;RICE, MN
27133;ROCK;MN;ROCK, MN
27135;ROSEAU;MN;ROSEAU, MN
27137;ST LOUIS;MN;ST LOUIS, MN
27139;SCOTT;MN;SCOTT, MN
27141;SHERBURNE;MN;SHERBURNE, MN
27143;SIBLEY;MN;SIBLEY, MN
27145;STEARNS;MN;STEARNS, MN
27147;STEELE;MN;STEELE, MN
27149;STEVENS;MN;STEVENS, MN
27151;SWIFT;MN;SWIFT, MN
27153;TODD;MN;TODD, MN
27155;TRAVERSE;MN;TRAVERSE, MN
27157;WABASHA;MN;WABASHA, MN
27159;WADENA;MN;WADENA, MN
27161;WASECA;MN;WASECA, MN
27163;WASHINGTON;MN;WASHINGTON, MN
27165;WATONWAN;MN;WATONWAN, MN
27167;WILKIN;MN;WILKIN, MN
27169;WINONA;MN;WINONA, MN
27171;WRIGHT;MN;WRIGHT, MN
27173;YELLOW MEDICINE;MN;YELLOW MEDICINE, MN
28001;ADAMS;MS;ADAMS, MS
28003;ALCORN;MS;ALCORN, MS
28005;AMITE;MS;AMITE, MS
28007;ATTALA;MS;ATTALA, MS
28009;BENTON;MS;BENTON, MS
28011;BOLIVAR;MS;BOLIVAR, MS
28013;CALHOUN;MS;CALHOUN, MS
28015;CARROLL;MS;CARROLL, MS
28017;CHICKASAW;MS;CHICKASAW, MS
28019;CHOCTAW;MS;CHOCTAW, MS
28021;CLAIBORNE;MS;CLAIBORNE, MS
28023;CLARKE;MS;CLARKE, MS
28025;CLAY;MS;CLAY, MS
28027;COAHOMA;MS;COAHOMA, MS
28029;COPIAH;MS;COPIAH, MS
28031;COVINGTON;MS;COVINGTON, MS
28033;DESOTO;MS;DESOTO, MS
28035;FORREST;MS;FORREST, MS
28037;FRANKLIN;MS;FRANKLIN, MS
28039;GEORGE;MS;GEORGE, MS
28041;GREENE;MS;GREENE, MS
28043;GRENADA;MS;GRENADA, MS
28045;HANCOCK;MS;HANCOCK, MS
28047;HARRISON;MS;HARRISON, MS
28049;HINDS;MS;HINDS, MS
28051;HOLMES;MS;HOLMES, MS
28053;HUMPHREYS;MS;HUMPHREYS, MS
28055;ISSAQUENA;MS;ISSAQUENA, MS
28057;ITAWAMBA;MS;ITAWAMBA, MS
28059;JACKSON;MS;JACKSON, MS
28061;JASPER;MS;JASPER, MS
28063;JEFFERSON;MS;JEFFERSON, MS
28065;JEFFERSON DAVIS;MS;JEFFERSON DAVIS, MS
28067;JONES;MS;JONES, MS
28069;KEMPER;MS;KEMPER, MS
28071;LAFAYETTE;MS;LAFAYETTE, MS
28073;LAMAR;MS;LAMAR, MS
28075;LAUDERDALE;MS;LAUDERDALE, MS
28077;LAWRENCE;MS;LAWRENCE, MS
28079;LEAKE;MS;LEAKE, MS
28081;LEE;MS;LEE, MS
28083;LEFLORE;MS;LEFLORE, MS
28085;LINCOLN;MS;LINCOLN, MS
28087;LOWNDES;MS;LOWNDES, MS
28089;MADISON;MS;MADISON, MS
28091;MARION;MS;MARION, MS
28093;MARSHALL;MS;MARSHALL, MS
28095;MONROE;MS;MONROE, MS
28097;MONTGOMERY;MS;MONTGOMERY, MS
28099;NESHOBA;MS;NESHOBA, MS
28101;NEWTON;MS;NEWTON, MS
28103;NOXUBEE;MS;NOXUBEE, MS
28105;OKTIBBEHA;MS;OKTIBBEHA, MS
28107;PANOLA;MS;PANOLA, MS
28109;PEARL RIVER;MS;PEARL RIVER, MS
28111;PERRY;MS;PERRY, MS
28113;PIKE;MS;PIKE, MS
28115;PONTOTOC;MS;PONTOTOC, MS
28117;PRENTISS;MS;PRENTISS, MS
28119;QUITMAN;MS;QUITMAN, MS
28121;RANKIN;MS;RANKIN, MS
28123;SCOTT;MS;SCOTT, MS
28125;SHARKEY;MS;SHARKEY, MS
28127;SIMPSON;MS;SIMPSON, MS
28129;SMITH;MS;SMITH, MS
28131;STONE;MS;STONE, MS
28133;SUNFLOWER;MS;SUNFLOWER, MS
28135;TALLAHATCHIE;MS;TALLAHATCHIE, MS
28137;TATE;MS;TATE, MS
28139;TIPPAH;MS;TIPPAH, MS
28141;TISHOMINGO;MS;TISHOMINGO, MS
28143;TUNICA;MS;TUNICA, MS
28145;UNION;MS;UNION, MS
28147;WALTHALL;MS;WALTHALL, MS
28149;WARREN;MS;WARREN, MS
28151;WASHINGTON;MS;WASHINGTON, MS
28153;WAYNE;MS;WAYNE, MS
28155;WEBSTER;MS;WEBSTER, MS
28157;WILKINSON;MS;WILKINSON, MS
28159;WINSTON;MS;WINSTON, MS
28161;YALOBUSHA;MS;YALOBUSHA, MS
28163;YAZOO;MS;YAZOO, MS
29001;ADAIR;MO;ADAIR, MO
29003;ANDREW;MO;ANDREW, MO
29005;ATCHISON;MO;ATCHISON, MO
29007;AUDRAIN;MO;AUDRAIN, MO
29009;BARRY;MO;BARRY, MO
29011;BARTON;MO;BARTON, MO
29013;BATES;MO;BATES, MO
29015;BENTON;MO;BENTON, MO
29017;BOLLINGER;MO;BOLLINGER, MO
29019;BOONE;MO;BOONE, MO
29021;BUCHANAN;MO;BUCHANAN, MO
29023;BUTLER;MO;BUTLER, MO
29025;CALDWELL;MO;CALDWELL, MO
29027;CALLAWAY;MO;CALLAWAY, MO
29029;CAMDEN;MO;CAMDEN, MO
29031;CAPE GIRARDEAU;MO;CAPE GIRARDEAU, MO
29033;CARROLL;MO;CARROLL, MO
29035;CARTER;MO;CARTER, MO
29037;CASS;MO;CASS, MO
29039;CEDAR;MO;CEDAR, MO
29041;CHARITON;MO;CHARITON, MO
29043;CHRISTIAN;MO;CHRISTIAN, MO
29045;CLARK;MO;CLARK, MO
29047;CLAY;MO;CLAY, MO
29049;CLINTON;MO;CLINTON, MO
29051;COLE;MO;COLE, MO
29053;COOPER;MO;COOPER, MO
29055;CRAWFORD;MO;CRAWFORD, MO
29057;DADE;MO;DADE, MO
29059;DALLAS;MO;DALLAS, MO
29061;DAVIESS;MO;DAVIESS, MO
29063;DEKALB;MO;DEKALB, MO
29065;DENT;MO;DENT, MO
29067;DOUGLAS;MO;DOUGLAS, MO
29069;DUNKLIN;MO;DUNKLIN, MO
29071;FRANKLIN;MO;FRANKLIN, MO
29073;GASCONADE;MO;GASCONADE, MO
29075;GENTRY;MO;GENTRY, MO
29077;GREENE;MO;GREENE, MO
29079;GRUNDY;MO;GRUNDY, MO
29081;HARRISON;MO;HARRISON, MO
29083;HENRY;MO;HENRY, MO
29085;HICKORY;MO;HICKORY, MO
29087;HOLT;MO;HOLT, MO
29089;HOWARD;MO;HOWARD, MO
29091;HOWELL;MO;HOWELL, MO
29093;IRON;MO;IRON, MO
29095;JACKSON;MO;JACKSON, MO
29097;JASPER;MO;JASPER, MO
29099;JEFFERSON;MO;JEFFERSON, MO
29101;JOHNSON;MO;JOHNSON, MO
29103;KNOX;MO;KNOX, MO
29105;LACLEDE;MO;LACLEDE, MO
29107;LAFAYETTE;MO;LAFAYETTE, MO
29109;LAWRENCE;MO;LAWRENCE, MO
29111;LEWIS;MO;LEWIS, MO
29113;LINCOLN;MO;LINCOLN, MO
29115;LINN;MO;LINN, MO
29117;LIVINGSTON;MO;LIVINGSTON, MO
29119;MCDONALD;MO;MCDONALD, MO
29121;MACON;MO;MACON, MO
29123;MADISON;MO;MADISON, MO
29125;MARIES;MO;MARIES, MO
29127;MARION;MO;MARION, MO
29129;MERCER;MO;MERCER, MO
29131;MILLER;MO;MILLER, MO
29133;MISSISSIPPI;MO;MISSISSIPPI, MO
29135;MONITEAU;MO;MONITEAU, MO
29137;MONROE;MO;MONROE, MO
29139;MONTGOMERY;MO;MONTGOMERY, MO
29141;MORGAN;MO;MORGAN, MO
29143;NEW MADRID;MO;NEW MADRID, MO
29145;NEWTON;MO;NEWTON, MO
29147;NODAWAY;MO;NODAWAY, MO
29149;OREGON;MO;OREGON, MO
29151;OSAGE;MO;OSAGE, MO
29153;OZARK;MO;OZARK, MO
29155;PEMISCOT;MO;PEMISCOT, MO
29157;PERRY;MO;PERRY, MO
29159;PETTIS;MO;PETTIS, MO
29161;PHELPS;MO;PHELPS, MO
29163;PIKE;MO;PIKE, MO
29165;PLATTE;MO;PLATTE, MO
29167;POLK;MO;POLK, MO
29169;PULASKI;MO;PULASKI, MO
29171;PUTNAM;MO;PUTNAM, MO
29173;RALLS;MO;RALLS, MO
29175;RANDOLPH;MO;RANDOLPH, MO
29177;RAY;MO;RAY, MO
29179;REYNOLDS;MO;REYNOLDS, MO
29181;RIPLEY;MO;RIPLEY, MO
29183;ST CHARLES;MO;ST CHARLES, MO
29185;ST CLAIR;MO;ST CLAIR, MO
29186;SAINTE GENEVIEVE;MO;SAINTE GENEVIEVE, MO
29187;ST FRANCOIS;MO;ST FRANCOIS, MO
29189;ST LOUIS;MO;ST LOUIS, MO
29195;SALINE;MO;SALINE, MO
29197;SCHUYLER;MO;SCHUYLER, MO
29199;SCOTLAND;MO;SCOTLAND, MO
29201;SCOTT;MO;SCOTT, MO
29203;SHANNON;MO;SHANNON, MO
29205;SHELBY;MO;SHELBY, MO
29207;STODDARD;MO;STODDARD, MO
29209;STONE;MO;STONE, MO
29211;SULLIVAN;MO;SULLIVAN, MO
29213;TANEY;MO;TANEY, MO
29215;TEXAS;MO;TEXAS, MO
29217;VERNON;MO;VERNON, MO
29219;WARREN;MO;WARREN, MO
29221;WASHINGTON;MO;WASHINGTON, MO
29223;WAYNE;MO;WAYNE, MO
29225;WEBSTER;MO;WEBSTER, MO
29227;WORTH;MO;WORTH, MO
29229;WRIGHT;MO;WRIGHT, MO
29510;ST LOUIS CITY;MO;ST LOUIS CITY, MO
30001;BEAVERHEAD;MT;BEAVERHEAD, MT
30003;BIG HORN;MT;BIG HORN, MT
30005;BLAINE;MT;BLAINE, MT
30007;BROADWATER;MT;BROADWATER, MT
30009;CARBON;MT;CARBON, MT
30011;CARTER;MT;CARTER, MT
30013;CASCADE;MT;CASCADE, MT
30015;CHOUTEAU;MT;CHOUTEAU, MT
30017;CUSTER;MT;CUSTER, MT
30019;DANIELS;MT;DANIELS, MT
30021;DAWSON;MT;DAWSON, MT
30023;DEER LODGE;MT;DEER LODGE, MT
30025;FALLON;MT;FALLON, MT
30027;FERGUS;MT;FERGUS, MT
30029;FLATHEAD;MT;FLATHEAD, MT
30031;GALLATIN;MT;GALLATIN, MT
30033;GARFIELD;MT;GARFIELD, MT
30035;GLACIER;MT;GLACIER, MT
30037;GOLDEN VALLEY;MT;GOLDEN VALLEY, MT
30039;GRANITE;MT;GRANITE, MT
30041;HILL;MT;HILL, MT
30043;JEFFERSON;MT;JEFFERSON, MT
30045;JUDITH BASIN;MT;JUDITH BASIN, MT
30047;LAKE;MT;LAKE, MT
30049;LEWIS AND CLARK;MT;LEWIS AND CLARK, MT
30051;LIBERTY;MT;LIBERTY, MT
30053;LINCOLN;MT;LINCOLN, MT
30055;MCCONE;MT;MCCONE, MT
30057;MADISON;MT;MADISON, MT
30059;MEAGHER;MT;MEAGHER, MT
30061;MINERAL;MT;MINERAL, MT
30063;MISSOULA;MT;MISSOULA, MT
30065;MUSSELSHELL;MT;MUSSELSHELL, MT
30067;PARK;MT;PARK, MT
30069;PETROLEUM;MT;PETROLEUM, MT
30071;PHILLIPS;MT;PHILLIPS, MT
30073;PONDERA;MT;PONDERA, MT
30075;POWDER RIVER;MT;POWDER RIVER, MT
30077;POWELL;MT;POWELL, MT
30079;PRAIRIE;MT;PRAIRIE, MT
30081;RAVALLI;MT;RAVALLI, MT
30083;RICHLAND;MT;RICHLAND, MT
30085;ROOSEVELT;MT;ROOSEVELT, MT
30087;ROSEBUD;MT;ROSEBUD, MT
30089;SANDERS;MT;SANDERS, MT
30091;SHERIDAN;MT;SHERIDAN, MT
30093;SILVER BOW;MT;SILVER BOW, MT
30095;STILLWATER;MT;STILLWATER, MT
30097;SWEET GRASS;MT;SWEET GRASS, MT
30099;TETON;MT;TETON, MT
30101;TOOLE;MT;TOOLE, MT
30103;TREASURE;MT;TREASURE, MT
30105;VALLEY;MT;VALLEY, MT
30107;WHEATLAND;MT;WHEATLAND, MT
30109;WIBAUX;MT;WIBAUX, MT
30111;YELLOWSTONE;MT;YELLOWSTONE, MT
31001;ADAMS;NE;ADAMS, NE
31003;ANTELOPE;NE;ANTELOPE, NE
31005;ARTHUR;NE;ARTHUR, NE
31007;BANNER;NE;BANNER, NE
31009;BLAINE;NE;BLAINE, NE
31011;BOONE;NE;BOONE, NE
31013;BOX BUTTE;NE;BOX BUTTE, NE
31015;BOYD;NE;BOYD, NE
31017;BROWN;NE;BROWN, NE
31019;BUFFALO;NE;BUFFALO, NE
31021;BURT;NE;BURT, NE
31023;BUTLER;NE;BUTLER, NE
31025;CASS;NE;CASS, NE
31027;CEDAR;NE;CEDAR, NE
31029;CHASE;NE;CHASE, NE
31031;CHERRY;NE;CHERRY, NE
31033;CHEYENNE;NE;CHEYENNE, NE
31035;CLAY;NE;CLAY, NE
31037;COLFAX;NE;COLFAX, NE
31039;CUMING;NE;CUMING, NE
31041;CUSTER;NE;CUSTER, NE
31043;DAKOTA;NE;DAKOTA, NE
31045;DAWES;NE;DAWES, NE
31047;DAWSON;NE;DAWSON, NE
31049;DEUEL;NE;DEUEL, NE
31051;DIXON;NE;DIXON, NE
31053;DODGE;NE;DODGE, NE
31055;DOUGLAS;NE;DOUGLAS, NE
31057;DUNDY;NE;DUNDY, NE
31059;FILLMORE;NE;FILLMORE, NE
31061;FRANKLIN;NE;FRANKLIN, NE
31063;FRONTIER;NE;FRONTIER, NE
31065;FURNAS;NE;FURNAS, NE
31067;GAGE;NE;GAGE, NE
31069;GARDEN;NE;GARDEN, NE
31071;GARFIELD;NE;GARFIELD, NE
31073;GOSPER;NE;GOSPER, NE
31075;GRANT;NE;GRANT, NE
31077;GREELEY;NE;GREELEY, NE
31079;HALL;NE;HALL, NE
31081;HAMILTON;NE;HAMILTON, NE
31083;HARLAN;NE;HARLAN, NE
31085;HAYES;NE;HAYES, NE
31087;HITCHCOCK;NE;HITCHCOCK, NE
31089;HOLT;NE;HOLT, NE
31091;HOOKER;NE;HOOKER, NE
31093;HOWARD;NE;HOWARD, NE
31095;JEFFERSON;NE;JEFFERSON, NE
31097;JOHNSON;NE;JOHNSON, NE
31099;KEARNEY;NE;KEARNEY, NE
31101;KEITH;NE;KEITH, NE
31103;KEYA PAHA;NE;KEYA PAHA, NE
31105;KIMBALL;NE;KIMBALL, NE
31107;KNOX;NE;KNOX, NE
31109;LANCASTER;NE;LANCASTER, NE
31111;LINCOLN;NE;LINCOLN, NE
31113;LOGAN;NE;LOGAN, NE
31115;LOUP;NE;LOUP, NE
31117;MCPHERSON;NE;MCPHERSON, NE
31119;MADISON;NE;MADISON, NE
31121;MERRICK;NE;MERRICK, NE
31123;MORRILL;NE;MORRILL, NE
31125;NANCE;NE;NANCE, NE
31127;NEMAHA;NE;NEMAHA, NE
31129;NUCKOLLS;NE;NUCKOLLS, NE
31131;OTOE;NE;OTOE, NE
31133;PAWNEE;NE;PAWNEE, NE
31135;PERKINS;NE;PERKINS, NE
31137;PHELPS;NE;PHELPS, NE
31139;PIERCE;NE;PIERCE, NE
31141;PLATTE;NE;PLATTE, NE
31143;POLK;NE;POLK, NE
31145;RED WILLOW;NE;RED WILLOW, NE
31147;RICHARDSON;NE;RICHARDSON, NE
31149;ROCK;NE;ROCK, NE
31151;SALINE;NE;SALINE, NE
31153;SARPY;NE;SARPY, NE
31155;SAUNDERS;NE;SAUNDERS, NE
31157;SCOTTS BLUFF;NE;SCOTTS BLUFF, NE
31159;SEWARD;NE;SEWARD, NE
31161;SHERIDAN;NE;SHERIDAN, NE
31163;SHERMAN;NE;SHERMAN, NE
31165;SIOUX;NE;SIOUX, NE
31167;STANTON;NE;STANTON, NE
31169;THAYER;NE;THAYER, NE
31171;THOMAS;NE;THOMAS, NE
31173;THURSTON;NE;THURSTON, NE
31175;VALLEY;NE;VALLEY, NE
31177;WASHINGTON;NE;WASHINGTON, NE
31179;WAYNE;NE;WAYNE, NE
31181;WEBSTER;NE;WEBSTER, NE
31183;WHEELER;NE;WHEELER, NE
31185;YORK;NE;YORK, NE
32001;CHURCHILL;NV;CHURCHILL, NV
32003;CLARK;NV;CLARK, NV
32005;DOUGLAS;NV;DOUGLAS, NV
32007;ELKO;NV;ELKO, NV
32009;ESMERALDA;NV;ESMERALDA, NV
32011;EUREKA;NV;EUREKA, NV
32013;HUMBOLDT;NV;HUMBOLDT, NV
32015;LANDER;NV;LANDER, NV
32017;LINCOLN;NV;LINCOLN, NV
32019;LYON;NV;LYON, NV
32021;MINERAL;NV;MINERAL, NV
32023;NYE;NV;NYE, NV
32027;PERSHING;NV;PERSHING, NV
32029;STOREY;NV;STOREY, NV
32031;WASHOE;NV;WASHOE, NV
32033;WHITE PINE;NV;WHITE PINE, NV
32510;CARSON CITY;NV;CARSON CITY, NV
33001;BELKNAP;NH;BELKNAP, NH
33003;CARROLL;NH;CARROLL, NH
33005;CHESHIRE;NH;CHESHIRE, NH
33007;COOS;NH;COOS, NH
33009;GRAFTON;NH;GRAFTON, NH
33011;HILLSBOROUGH;NH;HILLSBOROUGH, NH
33013;MERRIMACK;NH;MERRIMACK, NH
33015;ROCKINGHAM;NH;ROCKINGHAM, NH
33017;STRAFFORD;NH;STRAFFORD, NH
33019;SULLIVAN;NH;SULLIVAN, NH
34001;ATLANTIC;NJ;ATLANTIC, NJ
34003;BERGEN;NJ;BERGEN, NJ
34005;BURLINGTON;NJ;BURLINGTON, NJ
34007;CAMDEN;NJ;CAMDEN, NJ
34009;CAPE MAY;NJ;CAPE MAY, NJ
34011;CUMBERLAND;NJ;CUMBERLAND, NJ
34013;ESSEX;NJ;ESSEX, NJ
34015;GLOUCESTER;NJ;GLOUCESTER, NJ
34017;HUDSON;NJ;HUDSON, NJ
34019;HUNTERDON;NJ;HUNTERDON, NJ
34021;MERCER;NJ;MERCER, NJ
34023;MIDDLESEX;NJ;MIDDLESEX, NJ
34025;MONMOUTH;NJ;MONMOUTH, NJ
34027;MORRIS;NJ;MORRIS, NJ
34029;OCEAN;NJ;OCEAN, NJ
34031;PASSAIC;NJ;PASSAIC, NJ
34033;SALEM;NJ;SALEM, NJ
34035;SOMERSET;NJ;SOMERSET, NJ
34037;SUSSEX;NJ;SUSSEX, NJ
34039;UNION;NJ;UNION, NJ
34041;WARREN;NJ;WARREN, NJ
35001;BERNALILLO;NM;BERNALILLO, NM
35003;CATRON;NM;CATRON, NM
35005;CHAVES;NM;CHAVES, NM
35006;CIBOLA;NM;CIBOLA, NM
35007;COLFAX;NM;COLFAX, NM
35009;CURRY;NM;CURRY, NM
35011;DE BACA;NM;DE BACA, NM
35013;DONA ANA;NM;DONA ANA, NM
35015;EDDY;NM;EDDY, NM
35017;GRANT;NM;GRANT, NM
35019;GUADALUPE;NM;GUADALUPE, NM
35021;HARDING;NM;HARDING, NM
35023;HIDALGO;NM;HIDALGO, NM
35025;LEA;NM;LEA, NM
35027;LINCOLN;NM;LINCOLN, NM
35028;LOS ALAMOS;NM;LOS ALAMOS, NM
35029;LUNA;NM;LUNA, NM
35031;MCKINLEY;NM;MCKINLEY, NM
35033;MORA;NM;MORA, NM
35035;OTERO;NM;OTERO, NM
35037;QUAY;NM;QUAY, NM
35039;RIO ARRIBA;NM;RIO ARRIBA, NM
35041;ROOSEVELT;NM;ROOSEVELT, NM
35043;SANDOVAL;NM;SANDOVAL, NM
35045;SAN JUAN;NM;SAN JUAN, NM
35047;SAN MIGUEL;NM;SAN MIGUEL, NM
35049;SANTA FE;NM;SANTA FE, NM
35051;SIERRA;NM;SIERRA, NM
35053;SOCORRO;NM;SOCORRO, NM
35055;TAOS;NM;TAOS, NM
35057;TORRANCE;NM;TORRANCE, NM
35059;UNION;NM;UNION, NM
35061;VALENCIA;NM;VALENCIA, NM
36001;ALBANY;NY;ALBANY, NY
36003;ALLEGANY;NY;ALLEGANY, NY
36005;BRONX;NY;BRONX, NY
36007;BROOME;NY;BROOME, NY
36009;CATTARAUGUS;NY;CATTARAUGUS, NY
36011;CAYUGA;NY;CAYUGA, NY
36013;CHAUTAUQUA;NY;CHAUTAUQUA, NY
36015;CHEMUNG;NY;CHEMUNG, NY
36017;CHENANGO;NY;CHENANGO, NY
36019;CLINTON;NY;CLINTON, NY
36021;COLUMBIA;NY;COLUMBIA, NY
36023;CORTLAND;NY;CORTLAND, NY
36025;DELAWARE;NY;DELAWARE, NY
36027;DUTCHESS;NY;DUTCHESS, NY
36029;ERIE;NY;ERIE, NY
36031;ESSEX;NY;ESSEX, NY
36033;FRANKLIN;NY;FRANKLIN, NY
36035;FULTON;NY;FULTON, NY
36037;GENESEE;NY;GENESEE, NY
36039;GREENE;NY;GREENE, NY
36041;HAMILTON;NY;HAMILTON, NY
36043;HERKIMER;NY;HERKIMER, NY
36045;JEFFERSON;NY;JEFFERSON, NY
36047;KINGS;NY;KINGS, NY
36049;LEWIS;NY;LEWIS, NY
36051;LIVINGSTON;NY;LIVINGSTON, NY
36053;MADISON;NY;MADISON, NY
36055;MONROE;NY;MONROE, NY
36057;MONTGOMERY;NY;MONTGOMERY, NY
36059;NASSAU;NY;NASSAU, NY
36061;NEW YORK;NY;NEW YORK, NY
36063;NIAGARA;NY;NIAGARA, NY
36065;ONEIDA;NY;ONEIDA, NY
36067;ONONDAGA;NY;ONONDAGA, NY
36069;ONTARIO;NY;ONTARIO, NY
36071;ORANGE;NY;ORANGE, NY
36073;ORLEANS;NY;ORLEANS, NY
36075;OSWEGO;NY;OSWEGO, NY
36077;OTSEGO;NY;OTSEGO, NY
36079;PUTNAM;NY;PUTNAM, NY
36081;QUEENS;NY;QUEENS, NY
36083;RENSSELAER;NY;RENSSELAER, NY
36085;RICHMOND;NY;RICHMOND, NY
36087;ROCKLAND;NY;ROCKLAND, NY
36089;ST LAWRENCE;NY;ST LAWRENCE, NY
36091;SARATOGA;NY;SARATOGA, NY
36093;SCHENECTADY;NY;SCHENECTADY, NY
36095;SCHOHARIE;NY;SCHOHARIE, NY
36097;SCHUYLER;NY;SCHUYLER, NY
36099;SENECA;NY;SENECA, NY
36101;STEUBEN;NY;STEUBEN, NY
36103;SUFFOLK;NY;SUFFOLK, NY
36105;SULLIVAN;NY;SULLIVAN, NY
36107;TIOGA;NY;TIOGA, NY
36109;TOMPKINS;NY;TOMPKINS, NY
36111;ULSTER;NY;ULSTER, NY
36113;WARREN;NY;WARREN, NY
36115;WASHINGTON;NY;WASHINGTON, NY
36117;WAYNE;NY;WAYNE, NY
36119;WESTCHESTER;NY;WESTCHESTER, NY
36121;WYOMING;NY;WYOMING, NY
36123;YATES;NY;YATES, NY
37001;ALAMANCE;NC;ALAMANCE, NC
37003;ALEXANDER;NC;ALEXANDER, NC
37005;ALLEGHANY;NC;ALLEGHANY, NC
37007;ANSON;NC;ANSON, NC
37009;ASHE;NC;ASHE, NC
37011;AVERY;NC;AVERY, NC
37013;BEAUFORT;NC;BEAUFORT, NC
37015;BERTIE;NC;BERTIE, NC
37017;BLADEN;NC;BLADEN, NC
37019;BRUNSWICK;NC;BRUNSWICK, NC
37021;BUNCOMBE;NC;BUNCOMBE, NC
37023;BURKE;NC;BURKE, NC
37025;CABARRUS;NC;CABARRUS, NC
37027;CALDWELL;NC;CALDWELL, NC
37029;CAMDEN;NC;CAMDEN, NC
37031;CARTERET;NC;CARTERET, NC
37033;CASWELL;NC;CASWELL, NC
37035;CATAWBA;NC;CATAWBA, NC
37037;CHATHAM;NC;CHATHAM, NC
37039;CHEROKEE;NC;CHEROKEE, NC
37041;CHOWAN;NC;CHOWAN, NC
37043;CLAY;NC;CLAY, NC
37045;CLEVELAND;NC;CLEVELAND, NC
37047;COLUMBUS;NC;COLUMBUS, NC
37049;CRAVEN;NC;CRAVEN, NC
37051;CUMBERLAND;NC;CUMBERLAND, NC
37053;CURRITUCK;NC;CURRITUCK, NC
37055;DARE;NC;DARE, NC
37057;DAVIDSON;NC;DAVIDSON, NC
37059;DAVIE;NC;DAVIE, NC
37061;DUPLIN;NC;DUPLIN, NC
37063;DURHAM;NC;DURHAM, NC
37065;EDGECOMBE;NC;EDGECOMBE, NC
37067;FORSYTH;NC;FORSYTH, NC
37069;FRANKLIN;NC;FRANKLIN, NC
37071;GASTON;NC;GASTON, NC
37073;GATES;NC;GATES, NC
37075;GRAHAM;NC;GRAHAM, NC
37077;GRANVILLE;NC;GRANVILLE, NC
37079;GREENE;NC;GREENE, NC
37081;GUILFORD;NC;GUILFORD, NC
37083;HALIFAX;NC;HALIFAX, NC
37085;HARNETT;NC;HARNETT, NC
37087;HAYWOOD;NC;HAYWOOD, NC
37089;HENDERSON;NC;HENDERSON, NC
37091;HERTFORD;NC;HERTFORD, NC
37093;HOKE;NC;HOKE, NC
37095;HYDE;NC;HYDE, NC
37097;IREDELL;NC;IREDELL, NC
37099;JACKSON;NC;JACKSON, NC
37101;JOHNSTON;NC;JOHNSTON, NC
37103;JONES;NC;JONES, NC
37105;LEE;NC;LEE, NC
37107;LENOIR;NC;LENOIR, NC
37109;LINCOLN;NC;LINCOLN, NC
37111;MCDOWELL;NC;MCDOWELL, NC
37113;MACON;NC;MACON, NC
37115;MADISON;NC;MADISON, NC
37117;MARTIN;NC;MARTIN, NC
37119;MECKLENBURG;NC;MECKLENBURG, NC
37121;MITCHELL;NC;MITCHELL, NC
37123;MONTGOMERY;NC;MONTGOMERY, NC
37125;MOORE;NC;MOORE, NC
37127;NASH;NC;NASH, NC
37129;NEW HANOVER;NC;NEW HANOVER, NC
37131;NORTHAMPTON;NC;NORTHAMPTON, NC
37133;ONSLOW;NC;ONSLOW, NC
37135;ORANGE;NC;ORANGE, NC
37137;PAMLICO;NC;PAMLICO, NC
37139;PASQUOTANK;NC;PASQUOTANK, NC
37141;PENDER;NC;PENDER, NC
37143;PERQUIMANS;NC;PERQUIMANS, NC
37145;PERSON;NC;PERSON, NC
37147;PITT;NC;PITT, NC
37149;POLK;NC;POLK, NC
37151;RANDOLPH;NC;RANDOLPH, NC
37153;RICHMOND;NC;RICHMOND, NC
37155;ROBESON;NC;ROBESON, NC
37157;ROCKINGHAM;NC;ROCKINGHAM, NC
37159;ROWAN;NC;ROWAN, NC
37161;RUTHERFORD;NC;RUTHERFORD, NC
37163;SAMPSON;NC;SAMPSON, NC
37165;SCOTLAND;NC;SCOTLAND, NC
37167;STANLY;NC;STANLY, NC
37169;STOKES;NC;STOKES, NC
37171;SURRY;NC;SURRY, NC
37173;SWAIN;NC;SWAIN, NC
37175;TRANSYLVANIA;NC;TRANSYLVANIA, NC
37177;TYRRELL;NC;TYRRELL, NC
37179;UNION;NC;UNION, NC
37181;VANCE;NC;VANCE, NC
37183;WAKE;NC;WAKE, NC
37185;WARREN;NC;WARREN, NC
37187;WASHINGTON;NC;WASHINGTON, NC
37189;WATAUGA;NC;WATAUGA, NC
37191;WAYNE;NC;WAYNE, NC
37193;WILKES;NC;WILKES, NC
37195;WILSON;NC;WILSON, NC
37197;YADKIN;NC;YADKIN, NC
37199;YANCEY;NC;YANCEY, NC
38001;ADAMS;ND;ADAMS, ND
38003;BARNES;ND;BARNES, ND
38005;BENSON;ND;BENSON, ND
38007;BILLINGS;ND;BILLINGS, ND
38009;BOTTINEAU;ND;BOTTINEAU, ND
38011;BOWMAN;ND;BOWMAN, ND
38013;BURKE;ND;BURKE, ND
38015;BURLEIGH;ND;BURLEIGH, ND
38017;CASS;ND;CASS, ND
38019;CAVALIER;ND;CAVALIER, ND
38021;DICKEY;ND;DICKEY, ND
38023;DIVIDE;ND;DIVIDE, ND
38025;DUNN;ND;DUNN, ND
38027;EDDY;ND;EDDY, ND
38029;EMMONS;ND;EMMONS, ND
38031;FOSTER;ND;FOSTER, ND
38033;GOLDEN VALLEY;ND;GOLDEN VALLEY, ND
38035;GRAND FORKS;ND;GRAND FORKS, ND
38037;GRANT;ND;GRANT, ND
38039;GRIGGS;ND;GRIGGS, ND
38041;HETTINGER;ND;HETTINGER, ND
38043;KIDDER;ND;KIDDER, ND
38045;LAMOURE;ND;LAMOURE, ND
38047;LOGAN;ND;LOGAN, ND
38049;MCHENRY;ND;MCHENRY, ND
38051;MCINTOSH;ND;MCINTOSH, ND
38053;MCKENZIE;ND;MCKENZIE, ND
38055;MCLEAN;ND;MCLEAN, ND
38057;MERCER;ND;MERCER, ND
38059;MORTON;ND;MORTON, ND
38061;MOUNTRAIL;ND;MOUNTRAIL, ND
38063;NELSON;ND;NELSON, ND
38065;OLIVER;ND;OLIVER, ND
38067;PEMBINA;ND;PEMBINA, ND
38069;PIERCE;ND;PIERCE, ND
38071;RAMSEY;ND;RAMSEY, ND
38073;RANSOM;ND;RANSOM, ND
38075;RENVILLE;ND;RENVILLE, ND
38077;RICHLAND;ND;RICHLAND, ND
38079;ROLETTE;ND;ROLETTE, ND
38081;SARGENT;ND;SARGENT, ND
38083;SHERIDAN;ND;SHERIDAN, ND
38085;SIOUX;ND;SIOUX, ND
38087;SLOPE;ND;SLOPE, ND
38089;STARK;ND;STARK, ND
38091;STEELE;ND;STEELE, ND
38093;STUTSMAN;ND;STUTSMAN, ND
38095;TOWNER;ND;TOWNER, ND
38097;TRAILL;ND;TRAILL, ND
38099;WALSH;ND;WALSH, ND
38101;WARD;ND;WARD, ND
38103;WELLS;ND;WELLS, ND
38105;WILLIAMS;ND;WILLIAMS, ND
39001;ADAMS;OH;ADAMS, OH
39003;ALLEN;OH;ALLEN, OH
39005;ASHLAND;OH;ASHLAND, OH
39007;ASHTABULA;OH;ASHTABULA, OH
39009;ATHENS;OH;ATHENS, OH
39011;AUGLAIZE;OH;AUGLAIZE, OH
39013;BELMONT;OH;BELMONT, OH
39015;BROWN;OH;BROWN, OH
39017;BUTLER;OH;BUTLER, OH
39019;CARROLL;OH;CARROLL, OH
39021;CHAMPAIGN;OH;CHAMPAIGN, OH
39023;CLARK;OH;CLARK, OH
39025;CLERMONT;OH;CLERMONT, OH
39027;CLINTON;OH;CLINTON, OH
39029;COLUMBIANA;OH;COLUMBIANA, OH
39031;COSHOCTON;OH;COSHOCTON, OH
39033;CRAWFORD;OH;CRAWFORD, OH
39035;CUYAHOGA;OH;CUYAHOGA, OH
39037;DARKE;OH;DARKE, OH
39039;DEFIANCE;OH;DEFIANCE, OH
39041;DELAWARE;OH;DELAWARE, OH
39043;ERIE;OH;ERIE, OH
39045;FAIRFIELD;OH;FAIRFIELD, OH
39047;FAYETTE;OH;FAYETTE, OH
39049;FRANKLIN;OH;FRANKLIN, OH
39051;FULTON;OH;FULTON, OH
39053;GALLIA;OH;GALLIA, OH
39055;GEAUGA;OH;GEAUGA, OH
39057;GREENE;OH;GREENE, OH
39059;GUERNSEY;OH;GUERNSEY, OH
39061;HAMILTON;OH;HAMILTON, OH
39063;HANCOCK;OH;HANCOCK, OH
39065;HARDIN;OH;HARDIN, OH
39067;HARRISON;OH;HARRISON, OH
39069;HENRY;OH;HENRY, OH
39071;HIGHLAND;OH;HIGHLAND, OH
39073;HOCKING;OH;HOCKING, OH
39075;HOLMES;OH;HOLMES, OH
39077;HURON;OH;HURON, OH
39079;JACKSON;OH;JACKSON, OH
39081;JEFFERSON;OH;JEFFERSON, OH
39083;KNOX;OH;KNOX, OH
39085;LAKE;OH;LAKE, OH
39087;LAWRENCE;OH;LAWRENCE, OH
39089;LICKING;OH;LICKING, OH
39091;LOGAN;OH;LOGAN, OH
39093;LORAIN;OH;LORAIN, OH
39095;LUCAS;OH;LUCAS, OH
39097;MADISON;OH;MADISON, OH
39099;MAHONING;OH;MAHONING, OH
39101;MARION;OH;MARION, OH
39103;MEDINA;OH;MEDINA, OH
39105;MEIGS;OH;MEIGS, OH
39107;MERCER;OH;MERCER, OH
39109;MIAMI;OH;MIAMI, OH
39111;MONROE;OH;MONROE, OH
39113;MONTGOMERY;OH;MONTGOMERY, OH
39115;MORGAN;OH;MORGAN, OH
39117;MORROW;OH;MORROW, OH
39119;MUSKINGUM;OH;MUSKINGUM, OH
39121;NOBLE;OH;NOBLE, OH
39123;OTTAWA;OH;OTTAWA, OH
39125;PAULDING;OH;PAULDING, OH
39127;PERRY;OH;PERRY, OH
39129;PICKAWAY;OH;PICKAWAY, OH
39131;PIKE;OH;PIKE, OH
39133;PORTAGE;OH;PORTAGE, OH
39135;PREBLE;OH;PREBLE, OH
39137;PUTNAM;OH;PUTNAM, OH
39139;RICHLAND;OH;RICHLAND, OH
39141;ROSS;OH;ROSS, OH
39143;SANDUSKY;OH;SANDUSKY, OH
39145;SCIOTO;OH;SCIOTO, OH
39147;SENECA;OH;SENECA, OH
39149;SHELBY;OH;SHELBY, OH
39151;STARK;OH;STARK, OH
39153;SUMMIT;OH;SUMMIT, OH
39155;TRUMBULL;OH;TRUMBULL, OH
39157;TUSCARAWAS;OH;TUSCARAWAS, OH
39159;UNION;OH;UNION, OH
39161;VAN WERT;OH;VAN WERT, OH
39163;VINTON;OH;VINTON, OH
39165;WARREN;OH;WARREN, OH
39167;WASHINGTON;OH;WASHINGTON, OH
39169;WAYNE;OH;WAYNE, OH
39171;WILLIAMS;OH;WILLIAMS, OH
39173;WOOD;OH;WOOD, OH
39175;WYANDOT;OH;WYANDOT, OH
40001;ADAIR;OK;ADAIR, OK
40003;ALFALFA;OK;ALFALFA, OK
40005;ATOKA;OK;ATOKA, OK
40007;BEAVER;OK;BEAVER, OK
40009;BECKHAM;OK;BECKHAM, OK
40011;BLAINE;OK;BLAINE, OK
40013;BRYAN;OK;BRYAN, OK
40015;CADDO;OK;CADDO, OK
40017;CANADIAN;OK;CANADIAN, OK
40019;CARTER;OK;CARTER, OK
40021;CHEROKEE;OK;CHEROKEE, OK
40023;CHOCTAW;OK;CHOCTAW, OK
40025;CIMARRON;OK;CIMARRON, OK
40027;CLEVELAND;OK;CLEVELAND, OK
40029;COAL;OK;COAL, OK
40031;COMANCHE;OK;COMANCHE, OK
40033;COTTON;OK;COTTON, OK
40035;CRAIG;OK;CRAIG, OK
40037;CREEK;OK;CREEK, OK
40039;CUSTER;OK;CUSTER, OK
40041;DELAWARE;OK;DELAWARE, OK
40043;DEWEY;OK;DEWEY, OK
40045;ELLIS;OK;ELLIS, OK
40047;GARFIELD;OK;GARFIELD, OK
40049;GARVIN;OK;GARVIN, OK
40051;GRADY;OK;GRADY, OK
40053;GRANT;OK;GRANT, OK
40055;GREER;OK;GREER, OK
40057;HARMON;OK;HARMON, OK
40059;HARPER;OK;HARPER, OK
40061;HASKELL;OK;HASKELL, OK
40063;HUGHES;OK;HUGHES, OK
40065;JACKSON;OK;JACKSON, OK
40067;JEFFERSON;OK;JEFFERSON, OK
40069;JOHNSTON;OK;JOHNSTON, OK
40071;KAY;OK;KAY, OK
40073;KINGFISHER;OK;KINGFISHER, OK
40075;KIOWA;OK;KIOWA, OK
40077;LATIMER;OK;LATIMER, OK
40079;LEFLORE;OK;LEFLORE, OK
40081;LINCOLN;OK;LINCOLN, OK
40083;LOGAN;OK;LOGAN, OK
40085;LOVE;OK;LOVE, OK
40087;MCCLAIN;OK;MCCLAIN, OK
40089;MCCURTAIN;OK;MCCURTAIN, OK
40091;MCINTOSH;OK;MCINTOSH, OK
40093;MAJOR;OK;MAJOR, OK
40095;MARSHALL;OK;MARSHALL, OK
40097;MAYES;OK;MAYES, OK
40099;MURRAY;OK;MURRAY, OK
40101;MUSKOGEE;OK;MUSKOGEE, OK
40103;NOBLE;OK;NOBLE, OK
40105;NOWATA;OK;NOWATA, OK
40107;OKFUSKEE;OK;OKFUSKEE, OK
40109;OKLAHOMA;OK;OKLAHOMA, OK
40111;OKMULGEE;OK;OKMULGEE, OK
40113;OSAGE;OK;OSAGE, OK
40115;OTTAWA;OK;OTTAWA, OK
40117;PAWNEE;OK;PAWNEE, OK
40119;PAYNE;OK;PAYNE, OK
40121;PITTSBURG;OK;PITTSBURG, OK
40123;PONTOTOC;OK;PONTOTOC, OK
40125;POTTAWATOMIE;OK;POTTAWATOMIE, OK
40127;PUSHMATAHA;OK;PUSHMATAHA, OK
40129;ROGER MILLS;OK;ROGER MILLS, OK
40131;ROGERS;OK;ROGERS, OK
40133;SEMINOLE;OK;SEMINOLE, OK
40135;SEQUOYAH;OK;SEQUOYAH, OK
40137;STEPHENS;OK;STEPHENS, OK
40139;TEXAS;OK;TEXAS, OK
40141;TILLMAN;OK;TILLMAN, OK
40143;TULSA;OK;TULSA, OK
40145;WAGONER;OK;WAGONER, OK
40147;WASHINGTON;OK;WASHINGTON, OK
40149;WASHITA;OK;WASHITA, OK
40151;WOODS;OK;WOODS, OK
40153;WOODWARD;OK;WOODWARD, OK
41001;BAKER;OR;BAKER, OR
41003;BENTON;OR;BENTON, OR
41005;CLACKAMAS;OR;CLACKAMAS, OR
41007;CLATSOP;OR;CLATSOP, OR
41009;COLUMBIA;OR;COLUMBIA, OR
41011;COOS;OR;COOS, OR
41013;CROOK;OR;CROOK, OR
41015;CURRY;OR;CURRY, OR
41017;DESCHUTES;OR;DESCHUTES, OR
41019;DOUGLAS;OR;DOUGLAS, OR
41021;GILLIAM;OR;GILLIAM, OR
41023;GRANT;OR;GRANT, OR
41025;HARNEY;OR;HARNEY, OR
41027;HOOD RIVER;OR;HOOD RIVER, OR
41029;JACKSON;OR;JACKSON, OR
41031;JEFFERSON;OR;JEFFERSON, OR
41033;JOSEPHINE;OR;JOSEPHINE, OR
41035;KLAMATH;OR;KLAMATH, OR
41037;LAKE;OR;LAKE, OR
41039;LANE;OR;LANE, OR
41041;LINCOLN;OR;LINCOLN, OR
41043;LINN;OR;LINN, OR
41045;MALHEUR;OR;MALHEUR, OR
41047;MARION;OR;MARION, OR
41049;MORROW;OR;MORROW, OR
41051;MULTNOMAH;OR;MULTNOMAH, OR
41053;POLK;OR;POLK, OR
41055;SHERMAN;OR;SHERMAN, OR
41057;TILLAMOOK;OR;TILLAMOOK, OR
41059;UMATILLA;OR;UMATILLA, OR
41061;UNION;OR;UNION, OR
41063;WALLOWA;OR;WALLOWA, OR
41065;WASCO;OR;WASCO, OR
41067;WASHINGTON;OR;WASHINGTON, OR
41069;WHEELER;OR;WHEELER, OR
41071;YAMHILL;OR;YAMHILL, OR
42001;ADAMS;PA;ADAMS, PA
42003;ALLEGHENY;PA;ALLEGHENY, PA
42005;ARMSTRONG;PA;ARMSTRONG, PA
42007;BEAVER;PA;BEAVER, PA
42009;BEDFORD;PA;BEDFORD, PA
42011;BERKS;PA;BERKS, PA
42013;BLAIR;PA;BLAIR, PA
42015;BRADFORD;PA;BRADFORD, PA
42017;BUCKS;PA;BUCKS, PA
42019;BUTLER;PA;BUTLER, PA
42021;CAMBRIA;PA;CAMBRIA, PA
42023;CAMERON;PA;CAMERON, PA
42025;CARBON;PA;CARBON, PA
42027;CENTRE;PA;CENTRE, PA
42029;CHESTER;PA;CHESTER, PA
42031;CLARION;PA;CLARION, PA
42033;CLEARFIELD;PA;CLEARFIELD, PA
42035;CLINTON;PA;CLINTON, PA
42037;COLUMBIA;PA;COLUMBIA, PA
42039;CRAWFORD;PA;CRAWFORD, PA
42041;CUMBERLAND;PA;CUMBERLAND, PA
42043;DAUPHIN;PA;DAUPHIN, PA
42045;DELAWARE;PA;DELAWARE, PA
42047;ELK;PA;ELK, PA
42049;ERIE;PA;ERIE, PA
42051;FAYETTE;PA;FAYETTE, PA
42053;FOREST;PA;FOREST, PA
42055;FRANKLIN;PA;FRANKLIN, PA
42057;FULTON;PA;FULTON, PA
42059;GREENE;PA;GREENE, PA
42061;HUNTINGDON;PA;HUNTINGDON, PA
42063;INDIANA;PA;INDIANA, PA
42065;JEFFERSON;PA;JEFFERSON, PA
42067;JUNIATA;PA;JUNIATA, PA
42069;LACKAWANNA;PA;LACKAWANNA, PA
42071;LANCASTER;PA;LANCASTER, PA
42073;LAWRENCE;PA;LAWRENCE, PA
42075;LEBANON;PA;LEBANON, PA
42077;LEHIGH;PA;LEHIGH, PA
42079;LUZERNE;PA;LUZERNE, PA
42081;LYCOMING;PA;LYCOMING, PA
42083;MCKEAN;PA;MCKEAN, PA
42085;MERCER;PA;MERCER, PA
42087;MIFFLIN;PA;MIFFLIN, PA
42089;MONROE;PA;MONROE, PA
42091;MONTGOMERY;PA;MONTGOMERY, PA
42093;MONTOUR;PA;MONTOUR, PA
42095;NORTHAMPTON;PA;NORTHAMPTON, PA
42097;NORTHUMBERLAND;PA;NORTHUMBERLAND, PA
42099;PERRY;PA;PERRY, PA
42101;PHILADELPHIA;PA;PHILADELPHIA, PA
42103;PIKE;PA;PIKE, PA
42105;POTTER;PA;POTTER, PA
42107;SCHUYLKILL;PA;SCHUYLKILL, PA
42109;SNYDER;PA;SNYDER, PA
42111;SOMERSET;PA;SOMERSET, PA
42113;SULLIVAN;PA;SULLIVAN, PA
42115;SUSQUEHANNA;PA;SUSQUEHANNA, PA
42117;TIOGA;PA;TIOGA, PA
42119;UNION;PA;UNION, PA
42121;VENANGO;PA;VENANGO, PA
42123;WARREN;PA;WARREN, PA
42125;WASHINGTON;PA;WASHINGTON, PA
42127;WAYNE;PA;WAYNE, PA
42129;WESTMORELAND;PA;WESTMORELAND, PA
42131;WYOMING;PA;WYOMING, PA
42133;YORK;PA;YORK, PA
44001;BRISTOL;RI;BRISTOL, RI
44003;KENT;RI;KENT, RI
44005;NEWPORT;RI;NEWPORT, RI
44007;PROVIDENCE;RI;PROVIDENCE, RI
44009;WASHINGTON;RI;WASHINGTON, RI
45001;ABBEVILLE;SC;ABBEVILLE, SC
45003;AIKEN;SC;AIKEN, SC
45005;ALLENDALE;SC;ALLENDALE, SC
45007;ANDERSON;SC;ANDERSON, SC
45009;BAMBERG;SC;BAMBERG, SC
45011;BARNWELL;SC;BARNWELL, SC
45013;BEAUFORT;SC;BEAUFORT, SC
45015;BERKELEY;SC;BERKELEY, SC
45017;CALHOUN;SC;CALHOUN, SC
45019;CHARLESTON;SC;CHARLESTON, SC
45021;CHEROKEE;SC;CHEROKEE, SC
45023;CHESTER;SC;CHESTER, SC
45025;CHESTERFIELD;SC;CHESTERFIELD, SC
45027;CLARENDON;SC;CLARENDON, SC
45029;COLLETON;SC;COLLETON, SC
45031;DARLINGTON;SC;DARLINGTON, SC
45033;DILLON;SC;DILLON, SC
45035;DORCHESTER;SC;DORCHESTER, SC
45037;EDGEFIELD;SC;EDGEFIELD, SC
45039;FAIRFIELD;SC;FAIRFIELD, SC
45041;FLORENCE;SC;FLORENCE, SC
45043;GEORGETOWN;SC;GEORGETOWN, SC
45045;GREENVILLE;SC;GREENVILLE, SC
45047;GREENWOOD;SC;GREENWOOD, SC
45049;HAMPTON;SC;HAMPTON, SC
45051;HORRY;SC;HORRY, SC
45053;JASPER;SC;JASPER, SC
45055;KERSHAW;SC;KERSHAW, SC
45057;LANCASTER;SC;LANCASTER, SC
45059;LAURENS;SC;LAURENS, SC
45061;LEE;SC;LEE, SC
45063;LEXINGTON;SC;LEXINGTON, SC
45065;MCCORMICK;SC;MCCORMICK, SC
45067;MARION;SC;MARION, SC
45069;MARLBORO;SC;MARLBORO, SC
45071;NEWBERRY;SC;NEWBERRY, SC
45073;OCONEE;SC;OCONEE, SC
45075;ORANGEBURG;SC;ORANGEBURG, SC
45077;PICKENS;SC;PICKENS, SC
45079;RICHLAND;SC;RICHLAND, SC
45081;SALUDA;SC;SALUDA, SC
45083;SPARTANBURG;SC;SPARTANBURG, SC
45085;SUMTER;SC;SUMTER, SC
45087;UNION;SC;UNION, SC
45089;WILLIAMSBURG;SC;WILLIAMSBURG, SC
45091;YORK;SC;YORK, SC
46003;AURORA;SD;AURORA, SD
46005;BEADLE;SD;BEADLE, SD
46007;BENNETT;SD;BENNETT, SD
46009;BON HOMME;SD;BON HOMME, SD
46011;BROOKINGS;SD;BROOKINGS, SD
46013;BROWN;SD;BROWN, SD
46015;BRULE;SD;BRULE, SD
46017;BUFFALO;SD;BUFFALO, SD
46019;BUTTE;SD;BUTTE, SD
46021;CAMPBELL;SD;CAMPBELL, SD
46023;CHARLES MIX;SD;CHARLES MIX, SD
46025;CLARK;SD;CLARK, SD
46027;CLAY;SD;CLAY, SD
46029;CODINGTON;SD;CODINGTON, SD
46031;CORSON;SD;CORSON, SD
46033;CUSTER;SD;CUSTER, SD
46035;DAVISON;SD;DAVISON, SD
46037;DAY;SD;DAY, SD
46039;DEUEL;SD;DEUEL, SD
46041;DEWEY;SD;DEWEY, SD
46043;DOUGLAS;SD;DOUGLAS, SD
46045;EDMUNDS;SD;EDMUNDS, SD
46047;FALL RIVER;SD;FALL RIVER, SD
46049;FAULK;SD;FAULK, SD
46051;GRANT;SD;GRANT, SD
46053;GREGORY;SD;GREGORY, SD
46055;HAAKON;SD;HAAKON, SD
46057;HAMLIN;SD;HAMLIN, SD
46059;HAND;SD;HAND, SD
46061;HANSON;SD;HANSON, SD
46063;HARDING;SD;HARDING, SD
46065;HUGHES;SD;HUGHES, SD
46067;HUTCHINSON;SD;HUTCHINSON, SD
46069;HYDE;SD;HYDE, SD
46071;JACKSON;SD;JACKSON, SD
46073;JERAULD;SD;JERAULD, SD
46075;JONES;SD;JONES, SD
46077;KINGSBURY;SD;KINGSBURY, SD
46079;LAKE;SD;LAKE, SD
46081;LAWRENCE;SD;LAWRENCE, SD
46083;LINCOLN;SD;LINCOLN, SD
46085;LYMAN;SD;LYMAN, SD
46087;MCCOOK;SD;MCCOOK, SD
46089;MCPHERSON;SD;MCPHERSON, SD
46091;MARSHALL;SD;/
46093;MEADE;SD;MEADE, SD
46095;MELLETTE;SD;MELLETTE, SD
46097;MINER;SD;MINER, SD
46099;MINNEHAHA;SD;MINNEHAHA, SD
46101;MOODY;SD;MOODY, SD
46102;OGLALA LAKOTA;SD;OGLALA LAKOTA, SD
46103;PENNINGTON;SD;PENNINGTON, SD
46105;PERKINS;SD;PERKINS, SD
46107;POTTER;SD;POTTER, SD
46109;ROBERTS;SD;ROBERTS, SD
46111;SANBORN;SD;SANBORN, SD
46113;SHANNON;SD;SHANNON, SD
46115;SPINK;SD;SPINK, SD
46117;STANLEY;SD;STANLEY, SD
46119;SULLY;SD;SULLY, SD
46121;TODD;SD;TODD, SD
46123;TRIPP;SD;TRIPP, SD
46125;TURNER;SD;TURNER, SD
46127;UNION;SD;UNION, SD
46129;WALWORTH;SD;WALWORTH, SD
46135;YANKTON;SD;YANKTON, SD
46137;ZIEBACH;SD;ZIEBACH, SD
47001;ANDERSON;TN;ANDERSON, TN
47003;BEDFORD;TN;BEDFORD, TN
47005;BENTON;TN;BENTON, TN
47007;BLEDSOE;TN;BLEDSOE, TN
47009;BLOUNT;TN;BLOUNT, TN
47011;BRADLEY;TN;BRADLEY, TN
47013;CAMPBELL;TN;CAMPBELL, TN
47015;CANNON;TN;CANNON, TN
47017;CARROLL;TN;CARROLL, TN
47019;CARTER;TN;CARTER, TN
47021;CHEATHAM;TN;CHEATHAM, TN
47023;CHESTER;TN;CHESTER, TN
47025;CLAIBORNE;TN;CLAIBORNE, TN
47027;CLAY;TN;CLAY, TN
47029;COCKE;TN;COCKE, TN
47031;COFFEE;TN;COFFEE, TN
47033;CROCKETT;TN;CROCKETT, TN
47035;CUMBERLAND;TN;CUMBERLAND, TN
47037;DAVIDSON;TN;DAVIDSON, TN
47039;DECATUR;TN;DECATUR, TN
47041;DEKALB;TN;DEKALB, TN
47043;DICKSON;TN;DICKSON, TN
47045;DYER;TN;DYER, TN
47047;FAYETTE;TN;FAYETTE, TN
47049;FENTRESS;TN;FENTRESS, TN
47051;FRANKLIN;TN;FRANKLIN, TN
47053;GIBSON;TN;GIBSON, TN
47055;GILES;TN;GILES, TN
47057;GRAINGER;TN;GRAINGER, TN
47059;GREENE;TN;GREENE, TN
47061;GRUNDY;TN;GRUNDY, TN
47063;HAMBLEN;TN;HAMBLEN, TN
47065;HAMILTON;TN;HAMILTON, TN
47067;HANCOCK;TN;HANCOCK, TN
47069;HARDEMAN;TN;HARDEMAN, TN
47071;HARDIN;TN;HARDIN, TN
47073;HAWKINS;TN;HAWKINS, TN
47075;HAYWOOD;TN;HAYWOOD, TN
47077;HENDERSON;TN;HENDERSON, TN
47079;HENRY;TN;HENRY, TN
47081;HICKMAN;TN;HICKMAN, TN
47083;HOUSTON;TN;HOUSTON, TN
47085;HUMPHREYS;TN;HUMPHREYS, TN
47087;JACKSON;TN;JACKSON, TN
47089;JEFFERSON;TN;JEFFERSON, TN
47091;JOHNSON;TN;JOHNSON, TN
47093;KNOX;TN;KNOX, TN
47095;LAKE;TN;LAKE, TN
47097;LAUDERDALE;TN;LAUDERDALE, TN
47099;LAWRENCE;TN;LAWRENCE, TN
47101;LEWIS;TN;LEWIS, TN
47103;LINCOLN;TN;LINCOLN, TN
47105;LOUDON;TN;LOUDON, TN
47107;MCMINN;TN;MCMINN, TN
47109;MCNAIRY;TN;MCNAIRY, TN
47111;MACON;TN;MACON, TN
47113;MADISON;TN;MADISON, TN
47115;MARION;TN;MARION, TN
47117;MARSHALL;TN;MARSHALL, TN
47119;MAURY;TN;MAURY, TN
47121;MEIGS;TN;MEIGS, TN
47123;MONROE;TN;MONROE, TN
47125;MONTGOMERY;TN;MONTGOMERY, TN
47127;MOORE;TN;MOORE, TN
47129;MORGAN;TN;MORGAN, TN
47131;OBION;TN;OBION, TN
47133;OVERTON;TN;OVERTON, TN
47135;PERRY;TN;PERRY, TN
47137;PICKETT;TN;PICKETT, TN
47139;POLK;TN;POLK, TN
47141;PUTNAM;TN;PUTNAM, TN
47143;RHEA;TN;RHEA, TN
47145;ROANE;TN;ROANE, TN
47147;ROBERTSON;TN;ROBERTSON, TN
47149;RUTHERFORD;TN;RUTHERFORD, TN
47151;SCOTT;TN;SCOTT, TN
47153;SEQUATCHIE;TN;SEQUATCHIE, TN
47155;SEVIER;TN;SEVIER, TN
47157;SHELBY;TN;SHELBY, TN
47159;SMITH;TN;SMITH, TN
47161;STEWART;TN;STEWART, TN
47163;SULLIVAN;TN;SULLIVAN, TN
47165;SUMNER;TN;SUMNER, TN
47167;TIPTON;TN;TIPTON, TN
47169;TROUSDALE;TN;TROUSDALE, TN
47171;UNICOI;TN;UNICOI, TN
47173;UNION;TN;UNION, TN
47175;VAN BUREN;TN;VAN BUREN, TN
47177;WARREN;TN;WARREN, TN
47179;WASHINGTON;TN;WASHINGTON, TN
47181;WAYNE;TN;WAYNE, TN
47183;WEAKLEY;TN;WEAKLEY, TN
47185;WHITE;TN;WHITE, TN
47187;WILLIAMSON;TN;WILLIAMSON, TN
47189;WILSON;TN;WILSON, TN
48001;ANDERSON;TX;ANDERSON, TX
48003;ANDREWS;TX;ANDREWS, TX
48005;ANGELINA;TX;ANGELINA, TX
48007;ARANSAS;TX;ARANSAS, TX
48009;ARCHER;TX;ARCHER, TX
48011;ARMSTRONG;TX;ARMSTRONG, TX
48013;ATASCOSA;TX;ATASCOSA, TX
48015;AUSTIN;TX;AUSTIN, TX
48017;BAILEY;TX;BAILEY, TX
48019;BANDERA;TX;BANDERA, TX
48021;BASTROP;TX;BASTROP, TX
48023;BAYLOR;TX;BAYLOR, TX
48025;BEE;TX;BEE, TX
48027;BELL;TX;BELL, TX
48029;BEXAR;TX;BEXAR, TX
48031;BLANCO;TX;BLANCO, TX
48033;BORDEN;TX;BORDEN, TX
48035;BOSQUE;TX;BOSQUE, TX
48037;BOWIE;TX;BOWIE, TX
48039;BRAZORIA;TX;BRAZORIA, TX
48041;BRAZOS;TX;BRAZOS, TX
48043;BREWSTER;TX;BREWSTER, TX
48045;BRISCOE;TX;BRISCOE, TX
48047;BROOKS;TX;BROOKS, TX
48049;BROWN;TX;BROWN, TX
48051;BURLESON;TX;BURLESON, TX
48053;BURNET;TX;BURNET, TX
48055;CALDWELL;TX;CALDWELL, TX
48057;CALHOUN;TX;CALHOUN, TX
48059;CALLAHAN;TX;CALLAHAN, TX
48061;CAMERON;TX;CAMERON, TX
48063;CAMP;TX;CAMP, TX
48065;CARSON;TX;CARSON, TX
48067;CASS;TX;CASS, TX
48069;CASTRO;TX;CASTRO, TX
48071;CHAMBERS;TX;CHAMBERS, TX
48073;CHEROKEE;TX;CHEROKEE, TX
48075;CHILDRESS;TX;CHILDRESS, TX
48077;CLAY;TX;CLAY, TX
48079;COCHRAN;TX;COCHRAN, TX
48081;COKE;TX;COKE, TX
48083;COLEMAN;TX;COLEMAN, TX
48085;COLLIN;TX;COLLIN, TX
48087;COLLINGSWORTH;TX;COLLINGSWORTH, TX
48089;COLORADO;TX;COLORADO, TX
48091;COMAL;TX;COMAL, TX
48093;COMANCHE;TX;COMANCHE, TX
48095;CONCHO;TX;CONCHO, TX
48097;COOKE;TX;COOKE, TX
48099;CORYELL;TX;CORYELL, TX
48101;COTTLE;TX;COTTLE, TX
48103;CRANE;TX;CRANE, TX
48105;CROCKETT;TX;CROCKETT, TX
48107;CROSBY;TX;CROSBY, TX
48109;CULBERSON;TX;CULBERSON, TX
48111;DALLAM;TX;DALLAM, TX
48113;DALLAS;TX;DALLAS, TX
48115;DAWSON;TX;DAWSON, TX
48117;DEAF SMITH;TX;DEAF SMITH, TX
48119;DELTA;TX;DELTA, TX
48121;DENTON;TX;DENTON, TX
48123;DEWITT;TX;DEWITT, TX
48125;DICKENS;TX;DICKENS, TX
48127;DIMMIT;TX;DIMMIT, TX
48129;DONLEY;TX;DONLEY, TX
48131;DUVAL;TX;DUVAL, TX
48133;EASTLAND;TX;EASTLAND, TX
48135;ECTOR;TX;ECTOR, TX
48137;EDWARDS;TX;EDWARDS, TX
48139;ELLIS;TX;ELLIS, TX
48141;EL PASO;TX;EL PASO, TX
48143;ERATH;TX;ERATH, TX
48145;FALLS;TX;FALLS, TX
48147;FANNIN;TX;FANNIN, TX
48149;FAYETTE;TX;FAYETTE, TX
48151;FISHER;TX;FISHER, TX
48153;FLOYD;TX;FLOYD, TX
48155;FOARD;TX;FOARD, TX
48157;FORT BEND;TX;FORT BEND, TX
48159;FRANKLIN;TX;FRANKLIN, TX
48161;FREESTONE;TX;FREESTONE, TX
48163;FRIO;TX;FRIO, TX
48165;GAINES;TX;GAINES, TX
48167;GALVESTON;TX;GALVESTON, TX
48169;GARZA;TX;GARZA, TX
48171;GILLESPIE;TX;GILLESPIE, TX
48173;GLASSCOCK;TX;GLASSCOCK, TX
48175;GOLIAD;TX;GOLIAD, TX
48177;GONZALES;TX;GONZALES, TX
48179;GRAY;TX;GRAY, TX
48181;GRAYSON;TX;GRAYSON, TX
48183;GREGG;TX;GREGG, TX
48185;GRIMES;TX;GRIMES, TX
48187;GUADALUPE;TX;GUADALUPE, TX
48189;HALE;TX;HALE, TX
48191;HALL;TX;HALL, TX
48193;HAMILTON;TX;HAMILTON, TX
48195;HANSFORD;TX;HANSFORD, TX
48197;HARDEMAN;TX;HARDEMAN, TX
48199;HARDIN;TX;HARDIN, TX
48201;HARRIS;TX;HARRIS, TX
48203;HARRISON;TX;HARRISON, TX
48205;HARTLEY;TX;HARTLEY, TX
48207;HASKELL;TX;HASKELL, TX
48209;HAYS;TX;HAYS, TX
48211;HEMPHILL;TX;HEMPHILL, TX
48213;HENDERSON;TX;HENDERSON, TX
48215;HIDALGO;TX;HIDALGO, TX
48217;HILL;TX;HILL, TX
48219;HOCKLEY;TX;HOCKLEY, TX
48221;HOOD;TX;HOOD, TX
48223;HOPKINS;TX;HOPKINS, TX
48225;HOUSTON;TX;HOUSTON, TX
48227;HOWARD;TX;HOWARD, TX
48229;HUDSPETH;TX;HUDSPETH, TX
48231;HUNT;TX;HUNT, TX
48233;HUTCHINSON;TX;HUTCHINSON, TX
48235;IRION;TX;IRION, TX
48237;JACK;TX;JACK, TX
48239;JACKSON;TX;JACKSON, TX
48241;JASPER;TX;JASPER, TX
48243;JEFF DAVIS;TX;JEFF DAVIS, TX
48245;JEFFERSON;TX;JEFFERSON, TX
48247;JIM HOGG;TX;JIM HOGG, TX
48249;JIM WELLS;TX;JIM WELLS, TX
48251;JOHNSON;TX;JOHNSON, TX
48253;JONES;TX;JONES, TX
48255;KARNES;TX;KARNES, TX
48257;KAUFMAN;TX;KAUFMAN, TX
48259;KENDALL;TX;KENDALL, TX
48261;KENEDY;TX;KENEDY, TX
48263;KENT;TX;KENT, TX
48265;KERR;TX;KERR, TX
48267;KIMBLE;TX;KIMBLE, TX
48269;KING;TX;KING, TX
48271;KINNEY;TX;KINNEY, TX
48273;KLEBERG;TX;KLEBERG, TX
48275;KNOX;TX;KNOX, TX
48277;LAMAR;TX;LAMAR, TX
48279;LAMB;TX;LAMB, TX
48281;LAMPASAS;TX;LAMPASAS, TX
48283;LA SALLE;TX;LA SALLE, TX
48285;LAVACA;TX;LAVACA, TX
48287;LEE;TX;LEE, TX
48289;LEON;TX;LEON, TX
48291;LIBERTY;TX;LIBERTY, TX
48293;LIMESTONE;TX;LIMESTONE, TX
48295;LIPSCOMB;TX;LIPSCOMB, TX
48297;LIVE OAK;TX;LIVE OAK, TX
48299;LLANO;TX;LLANO, TX
48301;LOVING;TX;LOVING, TX
48303;LUBBOCK;TX;LUBBOCK, TX
48305;LYNN;TX;LYNN, TX
48307;MCCULLOCH;TX;MCCULLOCH, TX
48309;MCLENNAN;TX;MCLENNAN, TX
48311;MCMULLEN;TX;MCMULLEN, TX
48313;MADISON;TX;MADISON, TX
48315;MARION;TX;MARION, TX
48317;MARTIN;TX;MARTIN, TX
48319;MASON;TX;MASON, TX
48321;MATAGORDA;TX;MATAGORDA, TX
48323;MAVERICK;TX;MAVERICK, TX
48325;MEDINA;TX;MEDINA, TX
48327;MENARD;TX;MENARD, TX
48329;MIDLAND;TX;MIDLAND, TX
48331;MILAM;TX;MILAM, TX
48333;MILLS;TX;MILLS, TX
48335;MITCHELL;TX;MITCHELL, TX
48337;MONTAGUE;TX;MONTAGUE, TX
48339;MONTGOMERY;TX;MONTGOMERY, TX
48341;MOORE;TX;MOORE, TX
48343;MORRIS;TX;MORRIS, TX
48345;MOTLEY;TX;MOTLEY, TX
48347;NACOGDOCHES;TX;NACOGDOCHES, TX
48349;NAVARRO;TX;NAVARRO, TX
48351;NEWTON;TX;NEWTON, TX
48353;NOLAN;TX;NOLAN, TX
48355;NUECES;TX;NUECES, TX
48357;OCHILTREE;TX;OCHILTREE, TX
48359;OLDHAM;TX;OLDHAM, TX
48361;ORANGE;TX;ORANGE, TX
48363;PALO PINTO;TX;PALO PINTO, TX
48365;PANOLA;TX;PANOLA, TX
48367;PARKER;TX;PARKER, TX
48369;PARMER;TX;PARMER, TX
48371;PECOS;TX;PECOS, TX
48373;POLK;TX;POLK, TX
48375;POTTER;TX;POTTER, TX
48377;PRESIDIO;TX;PRESIDIO, TX
48379;RAINS;TX;RAINS, TX
48381;RANDALL;TX;RANDALL, TX
48383;REAGAN;TX;REAGAN, TX
48385;REAL;TX;REAL, TX
48387;RED RIVER;TX;RED RIVER, TX
48389;REEVES;TX;REEVES, TX
48391;REFUGIO;TX;REFUGIO, TX
48393;ROBERTS;TX;ROBERTS, TX
48395;ROBERTSON;TX;ROBERTSON, TX
48397;ROCKWALL;TX;ROCKWALL, TX
48399;RUNNELS;TX;RUNNELS, TX
48401;RUSK;TX;RUSK, TX
48403;SABINE;TX;SABINE, TX
48405;SAN AUGUSTINE;TX;SAN AUGUSTINE, TX
48407;SAN JACINTO;TX;SAN JACINTO, TX
48409;SAN PATRICIO;TX;SAN PATRICIO, TX
48411;SAN SABA;TX;SAN SABA, TX
48413;SCHLEICHER;TX;SCHLEICHER, TX
48415;SCURRY;TX;SCURRY, TX
48417;SHACKELFORD;TX;SHACKELFORD, TX
48419;SHELBY;TX;SHELBY, TX
48421;SHERMAN;TX;SHERMAN, TX
48423;SMITH;TX;SMITH, TX
48425;SOMERVELL;TX;SOMERVELL, TX
48427;STARR;TX;STARR, TX
48429;STEPHENS;TX;STEPHENS, TX
48431;STERLING;TX;STERLING, TX
48433;STONEWALL;TX;STONEWALL, TX
48435;SUTTON;TX;SUTTON, TX
48437;SWISHER;TX;SWISHER, TX
48439;TARRANT;TX;TARRANT, TX
48441;TAYLOR;TX;TAYLOR, TX
48443;TERRELL;TX;TERRELL, TX
48445;TERRY;TX;TERRY, TX
48447;THROCKMORTON;TX;THROCKMORTON, TX
48449;TITUS;TX;TITUS, TX
48451;TOM GREEN;TX;TOM GREEN, TX
48453;TRAVIS;TX;TRAVIS, TX
48455;TRINITY;TX;TRINITY, TX
48457;TYLER;TX;TYLER, TX
48459;UPSHUR;TX;UPSHUR, TX
48461;UPTON;TX;UPTON, TX
48463;UVALDE;TX;UVALDE, TX
48465;VAL VERDE;TX;VAL VERDE, TX
48467;VAN ZANDT;TX;VAN ZANDT, TX
48469;VICTORIA;TX;VICTORIA, TX
48471;WALKER;TX;WALKER, TX
48473;WALLER;TX;WALLER, TX
48475;WARD;TX;WARD, TX
48477;WASHINGTON;TX;WASHINGTON, TX
48479;WEBB;TX;WEBB, TX
48481;WHARTON;TX;WHARTON, TX
48483;WHEELER;TX;WHEELER, TX
48485;WICHITA;TX;WICHITA, TX
48487;WILBARGER;TX;WILBARGER, TX
48489;WILLACY;TX;WILLACY, TX
48491;WILLIAMSON;TX;WILLIAMSON, TX
48493;WILSON;TX;WILSON, TX
48495;WINKLER;TX;WINKLER, TX
48497;WISE;TX;WISE, TX
48499;WOOD;TX;WOOD, TX
48501;YOAKUM;TX;YOAKUM, TX
48503;YOUNG;TX;YOUNG, TX
48505;ZAPATA;TX;ZAPATA, TX
48507;ZAVALA;TX;ZAVALA, TX
49001;BEAVER;UT;BEAVER, UT
49003;BOX ELDER;UT;BOX ELDER, UT
49005;CACHE;UT;CACHE, UT
49007;CARBON;UT;CARBON, UT
49009;DAGGETT;UT;DAGGETT, UT
49011;DAVIS;UT;DAVIS, UT
49013;DUCHESNE;UT;DUCHESNE, UT
49015;EMERY;UT;EMERY, UT
49017;GARFIELD;UT;GARFIELD, UT
49019;GRAND;UT;GRAND, UT
49021;IRON;UT;IRON, UT
49023;JUAB;UT;JUAB, UT
49025;KANE;UT;KANE, UT
49027;MILLARD;UT;MILLARD, UT
49029;MORGAN;UT;MORGAN, UT
49031;PIUTE;UT;PIUTE, UT
49033;RICH;UT;RICH, UT
49035;SALT LAKE;UT;SALT LAKE, UT
49037;SAN JUAN;UT;SAN JUAN, UT
49039;SANPETE;UT;SANPETE, UT
49041;SEVIER;UT;SEVIER, UT
49043;SUMMIT;UT;SUMMIT, UT
49045;TOOELE;UT;TOOELE, UT
49047;UINTAH;UT;UINTAH, UT
49049;UTAH;UT;UTAH, UT
49051;WASATCH;UT;WASATCH, UT
49053;WASHINGTON;UT;WASHINGTON, UT
49055;WAYNE;UT;WAYNE, UT
49057;WEBER;UT;WEBER, UT
50001;ADDISON;VT;ADDISON, VT
50003;BENNINGTON;VT;BENNINGTON, VT
50005;CALEDONIA;VT;CALEDONIA, VT
50007;CHITTENDEN;VT;CHITTENDEN, VT
50009;ESSEX;VT;ESSEX, VT
50011;FRANKLIN;VT;FRANKLIN, VT
50013;GRAND ISLE;VT;GRAND ISLE, VT
50015;LAMOILLE;VT;LAMOILLE, VT
50017;ORANGE;VT;ORANGE, VT
50019;ORLEANS;VT;ORLEANS, VT
50021;RUTLAND;VT;RUTLAND, VT
50023;WASHINGTON;VT;WASHINGTON, VT
50025;WINDHAM;VT;WINDHAM, VT
50027;WINDSOR;VT;WINDSOR, VT
51001;ACCOMACK;VA;ACCOMACK, VA
51003;ALBEMARLE;VA;ALBEMARLE, VA
51005;ALLEGHANY;VA;ALLEGHANY, VA
51007;AMELIA;VA;AMELIA, VA
51009;AMHERST;VA;AMHERST, VA
51011;APPOMATTOX;VA;APPOMATTOX, VA
51013;ARLINGTON;VA;ARLINGTON, VA
51015;AUGUSTA;VA;AUGUSTA, VA
51017;BATH;VA;BATH, VA
51019;BEDFORD;VA;BEDFORD, VA
51021;BLAND;VA;BLAND, VA
51023;BOTETOURT;VA;BOTETOURT, VA
51025;BRUNSWICK;VA;BRUNSWICK, VA
51027;BUCHANAN;VA;BUCHANAN, VA
51029;BUCKINGHAM;VA;BUCKINGHAM, VA
51031;CAMPBELL;VA;CAMPBELL, VA
51033;CAROLINE;VA;CAROLINE, VA
51035;CARROLL;VA;CARROLL, VA
51036;CHARLES CITY;VA;CHARLES CITY, VA
51037;CHARLOTTE;VA;CHARLOTTE, VA
51041;CHESTERFIELD;VA;CHESTERFIELD, VA
51043;CLARKE;VA;CLARKE, VA
51045;CRAIG;VA;CRAIG, VA
51047;CULPEPER;VA;CULPEPER, VA
51049;CUMBERLAND;VA;CUMBERLAND, VA
51051;DICKENSON;VA;DICKENSON, VA
51053;DINWIDDIE;VA;DINWIDDIE, VA
51057;ESSEX;VA;ESSEX, VA
51059;FAIRFAX;VA;FAIRFAX, VA
51061;FAUQUIER;VA;FAUQUIER, VA
51063;FLOYD;VA;FLOYD, VA
51065;FLUVANNA;VA;FLUVANNA, VA
51067;FRANKLIN;VA;FRANKLIN, VA
51069;FREDERICK;VA;FREDERICK, VA
51071;GILES;VA;GILES, VA
51073;GLOUCESTER;VA;GLOUCESTER, VA
51075;GOOCHLAND;VA;GOOCHLAND, VA
51077;GRAYSON;VA;GRAYSON, VA
51079;GREENE;VA;GREENE, VA
51081;GREENSVILLE;VA;GREENSVILLE, VA
51083;HALIFAX;VA;HALIFAX, VA
51085;HANOVER;VA;HANOVER, VA
51087;HENRICO;VA;HENRICO, VA
51089;HENRY;VA;HENRY, VA
51091;HIGHLAND;VA;HIGHLAND, VA
51093;ISLE OF WIGHT;VA;ISLE OF WIGHT, VA
51095;JAMES CITY;VA;JAMES CITY, VA
51097;KING AND QUEEN;VA;KING AND QUEEN, VA
51099;KING GEORGE;VA;KING GEORGE, VA
51101;KING WILLIAM;VA;KING WILLIAM, VA
51103;LANCASTER;VA;LANCASTER, VA
51105;LEE;VA;LEE, VA
51107;LOUDOUN;VA;LOUDOUN, VA
51109;LOUISA;VA;LOUISA, VA
51111;LUNENBURG;VA;LUNENBURG, VA
51113;MADISON;VA;MADISON, VA
51115;MATHEWS;VA;MATHEWS, VA
51117;MECKLENBURG;VA;MECKLENBURG, VA
51119;MIDDLESEX;VA;MIDDLESEX, VA
51121;MONTGOMERY;VA;MONTGOMERY, VA
51125;NELSON;VA;NELSON, VA
51127;NEW KENT;VA;NEW KENT, VA
51131;NORTHAMPTON;VA;NORTHAMPTON, VA
51133;NORTHUMBERLAND;VA;NORTHUMBERLAND, VA
51135;NOTTOWAY;VA;NOTTOWAY, VA
51137;ORANGE;VA;ORANGE, VA
51139;PAGE;VA;PAGE, VA
51141;PATRICK;VA;PATRICK, VA
51143;PITTSYLVANIA;VA;PITTSYLVANIA, VA
51145;POWHATAN;VA;POWHATAN, VA
51147;PRINCE EDWARD;VA;PRINCE EDWARD, VA
51149;PRINCE GEORGE;VA;PRINCE GEORGE, VA
51153;PRINCE WILLIAM;VA;PRINCE WILLIAM, VA
51155;PULASKI;VA;PULASKI, VA
51157;RAPPAHANNOCK;VA;RAPPAHANNOCK, VA
51159;RICHMOND;VA;RICHMOND, VA
51161;ROANOKE;VA;ROANOKE, VA
51163;ROCKBRIDGE;VA;ROCKBRIDGE, VA
51165;ROCKINGHAM;VA;ROCKINGHAM, VA
51167;RUSSELL;VA;RUSSELL, VA
51169;SCOTT;VA;SCOTT, VA
51171;SHENANDOAH;VA;SHENANDOAH, VA
51173;SMYTH;VA;SMYTH, VA
51175;SOUTHAMPTON;VA;SOUTHAMPTON, VA
51177;SPOTSYLVANIA;VA;SPOTSYLVANIA, VA
51179;STAFFORD;VA;STAFFORD, VA
51181;SURRY;VA;SURRY, VA
51183;SUSSEX;VA;SUSSEX, VA
51185;TAZEWELL;VA;TAZEWELL, VA
51187;WARREN;VA;WARREN, VA
51191;WASHINGTON;VA;WASHINGTON, VA
51193;WESTMORELAND;VA;WESTMORELAND, VA
51195;WISE;VA;WISE, VA
51197;WYTHE;VA;WYTHE, VA
51199;YORK;VA;YORK, VA
51510;ALEXANDRIA CITY;VA;ALEXANDRIA CITY, VA
51515;BEDFORD CITY;VA;BEDFORD CITY, VA
51520;BRISTOL CITY;VA;BRISTOL CITY, VA
51530;BUENA VISTA CITY;VA;BUENA VISTA CITY, VA
51540;CHARLOTTESVILLE CITY;VA;CHARLOTTESVILLE CITY, VA
51550;CHESAPEAKE CITY;VA;CHESAPEAKE CITY, VA
51570;COLONIAL HEIGHTS CITY;VA;COLONIAL HEIGHTS CITY, VA
51580;COVINGTON CITY;VA;COVINGTON CITY, VA
51590;DANVILLE CITY;VA;DANVILLE CITY, VA
51595;EMPORIA CITY;VA;EMPORIA CITY, VA
51600;FAIRFAX CITY;VA;FAIRFAX CITY, VA
51610;FALLS CHURCH CITY;VA;FALLS CHURCH CITY, VA
51620;FRANKLIN CITY;VA;FRANKLIN CITY, VA
51630;FREDERICKSBURG CITY;VA;FREDERICKSBURG CITY, VA
51640;GALAX CITY;VA;GALAX CITY, VA
51650;HAMPTON CITY;VA;HAMPTON CITY, VA
51660;HARRISONBURG CITY;VA;HARRISONBURG CITY, VA
51670;HOPEWELL CITY;VA;HOPEWELL CITY, VA
51678;LEXINGTON CITY;VA;LEXINGTON CITY, VA
51680;LYNCHBURG CITY;VA;LYNCHBURG CITY, VA
51683;MANASSAS CITY;VA;MANASSAS CITY, VA
51685;MANASSAS PARK CITY;VA;MANASSAS PARK CITY, VA
51690;MARTINSVILLE CITY;VA;MARTINSVILLE CITY, VA
51700;NEWPORT NEWS CITY;VA;NEWPORT NEWS CITY, VA
51710;NORFOLK CITY;VA;NORFOLK CITY, VA
51720;NORTON CITY;VA;NORTON CITY, VA
51730;PETERSBURG CITY;VA;PETERSBURG CITY, VA
51735;POQUOSON CITY;VA;POQUOSON CITY, VA
51740;PORTSMOUTH CITY;VA;PORTSMOUTH CITY, VA
51750;RADFORD CITY;VA;RADFORD CITY, VA
51760;RICHMOND CITY;VA;RICHMOND CITY, VA
51770;ROANOKE CITY;VA;ROANOKE CITY, VA
51775;SALEM CITY;VA;SALEM CITY, VA
51790;STAUNTON CITY;VA;STAUNTON CITY, VA
51800;SUFFOLK CITY;VA;SUFFOLK CITY, VA
51810;VIRGINIA BEACH CITY;VA;VIRGINIA BEACH CITY, VA
51820;WAYNESBORO CITY;VA;WAYNESBORO CITY, VA
51830;WILLIAMSBURG CITY;VA;WILLIAMSBURG CITY, VA
51840;WINCHESTER CITY;VA;WINCHESTER CITY, VA
53001;ADAMS;WA;ADAMS, WA
53003;ASOTIN;WA;ASOTIN, WA
53005;BENTON;WA;BENTON, WA
53007;CHELAN;WA;CHELAN, WA
53009;CLALLAM;WA;CLALLAM, WA
53011;CLARK;WA;CLARK, WA
53013;COLUMBIA;WA;COLUMBIA, WA
53015;COWLITZ;WA;COWLITZ, WA
53017;DOUGLAS;WA;DOUGLAS, WA
53019;FERRY;WA;FERRY, WA
53021;FRANKLIN;WA;FRANKLIN, WA
53023;GARFIELD;WA;GARFIELD, WA
53025;GRANT;WA;GRANT, WA
53027;GRAYS HARBOR;WA;GRAYS HARBOR, WA
53029;ISLAND;WA;ISLAND, WA
53031;JEFFERSON;WA;JEFFERSON, WA
53033;KING;WA;KING, WA
53035;KITSAP;WA;KITSAP, WA
53037;KITTITAS;WA;KITTITAS, WA
53039;KLICKITAT;WA;KLICKITAT, WA
53041;LEWIS;WA;LEWIS, WA
53043;LINCOLN;WA;LINCOLN, WA
53045;MASON;WA;MASON, WA
53047;OKANOGAN;WA;OKANOGAN, WA
53049;PACIFIC;WA;PACIFIC, WA
53051;PEND OREILLE;WA;PEND OREILLE, WA
53053;PIERCE;WA;PIERCE, WA
53055;SAN JUAN;WA;SAN JUAN, WA
53057;SKAGIT;WA;SKAGIT, WA
53059;SKAMANIA;WA;SKAMANIA, WA
53061;SNOHOMISH;WA;SNOHOMISH, WA
53063;SPOKANE;WA;SPOKANE, WA
53065;STEVENS;WA;STEVENS, WA
53067;THURSTON;WA;THURSTON, WA
53069;WAHKIAKUM;WA;WAHKIAKUM, WA
53071;WALLA WALLA;WA;WALLA WALLA, WA
53073;WHATCOM;WA;WHATCOM, WA
53075;WHITMAN;WA;WHITMAN, WA
53077;YAKIMA;WA;YAKIMA, WA
54001;BARBOUR;WV;BARBOUR, WV
54003;BERKELEY;WV;BERKELEY, WV
54005;BOONE;WV;BOONE, WV
54007;BRAXTON;WV;BRAXTON, WV
54009;BROOKE;WV;BROOKE, WV
54011;CABELL;WV;CABELL, WV
54013;CALHOUN;WV;CALHOUN, WV
54015;CLAY;WV;CLAY, WV
54017;DODDRIDGE;WV;DODDRIDGE, WV
54019;FAYETTE;WV;FAYETTE, WV
54021;GILMER;WV;GILMER, WV
54023;GRANT;WV;GRANT, WV
54025;GREENBRIER;WV;GREENBRIER, WV
54027;HAMPSHIRE;WV;HAMPSHIRE, WV
54029;HANCOCK;WV;HANCOCK, WV
54031;HARDY;WV;HARDY, WV
54033;HARRISON;WV;HARRISON, WV
54035;JACKSON;WV;JACKSON, WV
54037;JEFFERSON;WV;JEFFERSON, WV
54039;KANAWHA;WV;KANAWHA, WV
54041;LEWIS;WV;LEWIS, WV
54043;LINCOLN;WV;LINCOLN, WV
54045;LOGAN;WV;LOGAN, WV
54047;MCDOWELL;WV;MCDOWELL, WV
54049;MARION;WV;MARION, WV
54051;MARSHALL;WV;MARSHALL, WV
54053;MASON;WV;MASON, WV
54055;MERCER;WV;MERCER, WV
54057;MINERAL;WV;MINERAL, WV
54059;MINGO;WV;MINGO, WV
54061;MONONGALIA;WV;MONONGALIA, WV
54063;MONROE;WV;MONROE, WV
54065;MORGAN;WV;MORGAN, WV
54067;NICHOLAS;WV;NICHOLAS, WV
54069;OHIO;WV;OHIO, WV
54071;PENDLETON;WV;PENDLETON, WV
54073;PLEASANTS;WV;PLEASANTS, WV
54075;POCAHONTAS;WV;POCAHONTAS, WV
54077;PRESTON;WV;PRESTON, WV
54079;PUTNAM;WV;PUTNAM, WV
54081;RALEIGH;WV;RALEIGH, WV
54083;RANDOLPH;WV;RANDOLPH, WV
54085;RITCHIE;WV;RITCHIE, WV
54087;ROANE;WV;ROANE, WV
54089;SUMMERS;WV;SUMMERS, WV
54091;TAYLOR;WV;TAYLOR, WV
54093;TUCKER;WV;TUCKER, WV
54095;TYLER;WV;TYLER, WV
54097;UPSHUR;WV;UPSHUR, WV
54099;WAYNE;WV;WAYNE, WV
54101;WEBSTER;WV;WEBSTER, WV
54103;WETZEL;WV;WETZEL, WV
54105;WIRT;WV;WIRT, WV
54107;WOOD;WV;WOOD, WV
54109;WYOMING;WV;WYOMING, WV
55001;ADAMS;WI;ADAMS, WI
55003;ASHLAND;WI;ASHLAND, WI
55005;BARRON;WI;BARRON, WI
55007;BAYFIELD;WI;BAYFIELD, WI
55009;BROWN;WI;BROWN, WI
55011;BUFFALO;WI;BUFFALO, WI
55013;BURNETT;WI;BURNETT, WI
55015;CALUMET;WI;CALUMET, WI
55017;CHIPPEWA;WI;CHIPPEWA, WI
55019;CLARK;WI;CLARK, WI
55021;COLUMBIA;WI;COLUMBIA, WI
55023;CRAWFORD;WI;CRAWFORD, WI
55025;DANE;WI;DANE, WI
55027;DODGE;WI;DODGE, WI
55029;DOOR;WI;DOOR, WI
55031;DOUGLAS;WI;DOUGLAS, WI
55033;DUNN;WI;DUNN, WI
55035;EAU CLAIRE;WI;EAU CLAIRE, WI
55037;FLORENCE;WI;FLORENCE, WI
55039;FOND DU LAC;WI;FOND DU LAC, WI
55041;FOREST;WI;FOREST, WI
55043;GRANT;WI;GRANT, WI
55045;GREEN;WI;GREEN, WI
55047;GREEN LAKE;WI;GREEN LAKE, WI
55049;IOWA;WI;IOWA, WI
55051;IRON;WI;IRON, WI
55053;JACKSON;WI;JACKSON, WI
55055;JEFFERSON;WI;JEFFERSON, WI
55057;JUNEAU;WI;JUNEAU, WI
55059;KENOSHA;WI;KENOSHA, WI
55061;KEWAUNEE;WI;KEWAUNEE, WI
55063;LA CROSSE;WI;LA CROSSE, WI
55065;LAFAYETTE;WI;LAFAYETTE, WI
55067;LANGLADE;WI;LANGLADE, WI
55069;LINCOLN;WI;LINCOLN, WI
55071;MANITOWOC;WI;MANITOWOC, WI
55073;MARATHON;WI;MARATHON, WI
55075;MARINETTE;WI;MARINETTE, WI
55077;MARQUETTE;WI;MARQUETTE, WI
55078;MENOMINEE;WI;MENOMINEE, WI
55079;MILWAUKEE;WI;MILWAUKEE, WI
55081;MONROE;WI;MONROE, WI
55083;OCONTO;WI;OCONTO, WI
55085;ONEIDA;WI;ONEIDA, WI
55087;OUTAGAMIE;WI;OUTAGAMIE, WI
55089;OZAUKEE;WI;OZAUKEE, WI
55091;PEPIN;WI;PEPIN, WI
55093;PIERCE;WI;PIERCE, WI
55095;POLK;WI;POLK, WI
55097;PORTAGE;WI;PORTAGE, WI
55099;PRICE;WI;PRICE, WI
55101;RACINE;WI;RACINE, WI
55103;RICHLAND;WI;RICHLAND, WI
55105;ROCK;WI;ROCK, WI
55107;RUSK;WI;RUSK, WI
55109;ST CROIX;WI;ST CROIX, WI
55111;SAUK;WI;SAUK, WI
55113;SAWYER;WI;SAWYER, WI
55115;SHAWANO;WI;SHAWANO, WI
55117;SHEBOYGAN;WI;SHEBOYGAN, WI
55119;TAYLOR;WI;TAYLOR, WI
55121;TREMPEALEAU;WI;TREMPEALEAU, WI
55123;VERNON;WI;VERNON, WI
55125;VILAS;WI;VILAS, WI
55127;WALWORTH;WI;WALWORTH, WI
55129;WASHBURN;WI;WASHBURN, WI
55131;WASHINGTON;WI;WASHINGTON, WI
55133;WAUKESHA;WI;WAUKESHA, WI
55135;WAUPACA;WI;WAUPACA, WI
55137;WAUSHARA;WI;WAUSHARA, WI
55139;WINNEBAGO;WI;WINNEBAGO, WI
55141;WOOD;WI;WOOD, WI
56001;ALBANY;WY;ALBANY, WY
56003;BIG HORN;WY;BIG HORN, WY
56005;CAMPBELL;WY;CAMPBELL, WY
56007;CARBON;WY;CARBON, WY
56009;CONVERSE;WY;CONVERSE, WY
56011;CROOK;WY;CROOK, WY
56013;FREMONT;WY;FREMONT, WY
56015;GOSHEN;WY;GOSHEN, WY
56017;HOT SPRINGS;WY;HOT SPRINGS, WY
56019;JOHNSON;WY;JOHNSON, WY
56021;LARAMIE;WY;LARAMIE, WY
56023;LINCOLN;WY;LINCOLN, WY
56025;NATRONA;WY;NATRONA, WY
56027;NIOBRARA;WY;NIOBRARA, WY
56029;PARK;WY;PARK, WY
56031;PLATTE;WY;PLATTE, WY
56033;SHERIDAN;WY;SHERIDAN, WY
56035;SUBLETTE;WY;SUBLETTE, WY
56037;SWEETWATER;WY;SWEETWATER, WY
56039;TETON;WY;TETON, WY
56041;UINTA;WY;UINTA, WY
56043;WASHAKIE;WY;WASHAKIE, WY
56045;WESTON;WY;WESTON, WY
66010;GUAM;GU;GUAM, GU